Site,Plot,Success,Diversity,Year,Month,Season,CoreSection_cm,RockMass_g,RootMass_g,Moisture_g,BulkDensity_g_cm3,BiomassC,Respiration,NO2_NO3,NH4,TIN,BiomassN,Mineralization,Nitrification,DEA,success,diversity,Obs,coresection
Canarsie,8,Low,Low,2018,6,Summer,10--30,18.724,0,0.076765609,0.690295406,206.4267296,8.794047127,-1.161587481,-1.088300668,-2.24988815,-6.532711016,0.350804151,0.040874029,-4.173271238,0,0,35,2
Canarsie,7,Low,Low,2018,6,Summer,10--30,20.691,0,0.093608247,0.695303443,155.5449979,6.746520591,0.855333146,-0.139197705,0.716135441,-4.793500471,0.219101504,-0.035458007,-0.575121556,0,0,28,2
Canarsie,7,Low,Low,2018,6,Summer,0-10,12.387,0.048,0.1108742,0.52534447,268.7967775,16.96252844,2.117749244,-0.587178738,1.530570507,-3.936454352,0.275710318,-0.072511826,3.780395034,0,0,30,1
Alley Pond,1,Low,Low,2018,7,Summer,10--30,8.321,0.008,0.031609195,0.540261382,142.1988601,4.154247628,5.388554088,-0.418913073,4.969641015,-3.184694582,0.087399603,0.064755602,8.857748479,0,0,2,2
Pelham Bay,33,High,Low,2018,6,Summer,90-100,4.892,0,0.008333333,0.898024206,138.5110403,5.50418807,24.08168592,-0.418542628,23.66314329,-2.906332963,-2.639702795,-2.842473455,-0.01083168,1,0,232,3
Pelham Bay,33,High,Low,2018,6,Summer,70-90,22.772,0,0.077866667,0.805981981,70.78443497,2.843857036,0.276337182,-0.460850626,-0.184513444,-2.13968072,-0.179130139,-0.268193812,-0.07428303,1,0,231,3
Pelham Bay,33,High,Low,2018,6,Summer,30-70,24.975,0,0.110259122,0.742973958,72.99326039,2.993221292,-0.399761057,-0.475011341,-0.874772398,-2.050125357,-0.112065841,-0.206187771,-0.175640778,1,0,230,3
Pelham Bay,33,High,Low,2018,6,Summer,30-60,8.067,0.003,0.133015368,0.732530802,109.0875578,3.146985366,0.524872821,-0.483206299,0.041666522,-1.964154876,-0.192141555,-0.308016903,-0.057070548,1,0,235,3
Pelham Bay,33,High,Low,2018,6,Summer,60-80,8.678,0,0.107037731,0.798977911,102.9510038,3.058247188,-0.476061132,-0.476061132,-0.952122265,-1.889175619,-0.096916078,-0.201375562,-0.052890683,1,0,236,3
Canarsie,5,Low,High,2018,6,Summer,10--30,29.15,0.003,0.090648855,0.727785762,109.0397282,8.015506336,-3.041135661,1.51768246,-1.523453201,-1.865892302,-0.233674421,-0.151519439,-2.950688744,0,1,18,2
Canarsie,8,Low,Low,2018,6,Summer,0-10,3.506,0.17,0.078580482,0.422387409,260.0673838,18.33314726,3.362007927,-0.081546037,3.280461889,-0.758321101,0.175663145,-0.012661989,-0.410499626,0,0,32,1
Canarsie,5,Low,High,2018,6,Summer,0-10,22.23,0.005,0.103626943,0.494177597,334.2936681,21.93479692,2.920864366,2.105356134,5.0262205,-0.379257528,-0.606592699,-0.543275094,-11.57933373,0,1,17,1
Conference House,13,High,High,2018,8,Summer,90-100,4.448,0.034,0.112265084,0.549828906,60.20322885,2.687609302,10.82673942,0.546784869,11.37352429,-0.178898296,-1.105593609,-1.113211395,114.7815987,1,1,66,3
Conference House,13,High,High,2018,8,Summer,90-100,7.683,0.003,0.052835676,0.702959475,72.62884664,2.98428088,0.280515989,-0.093737048,0.186778941,-0.099137521,-0.0377735,-0.056492605,1.00640491,1,1,71,3
Marine Park 2,26,High,High,2018,7,Summer,70-90,0,0,0.016068759,0.771163272,67.01537846,3.394614224,-0.074541788,-0.103028371,-0.177570159,-0.089449655,-0.038451774,-0.030155191,-0.277946454,1,1,186,3
Marine Park 2,27,High,Low,2018,7,Summer,30-60,3.946,0.039,0.047139259,0.660913574,97.44513973,4.251831181,2.761581765,-0.357427757,2.404154007,-0.043637255,0.951862312,0.926816488,-0.037317807,1,0,194,3
Marine Park 2,27,High,Low,2018,7,Summer,60-80,0,0,0.020926756,0.759191096,72.58135441,3.527972489,3.309560719,-0.406502349,2.90305837,-0.017297293,-0.29457784,-0.301904994,-0.738031906,1,0,195,3
Fort Totten,20,High,Low,2018,8,Summer,30-60,8.603,0.005,0.10463284,0.724882791,92.96749069,9.627191683,0.970822728,0.253581883,1.224404612,0.176375841,0.010309527,0.032873179,0.328608952,1,0,133,3
Clove Lakes 2,15,High,Low,2018,8,Summer,90-100,10.946,0,0.067080745,0.808122009,127.4893886,4.156656279,-0.284237884,0.597012299,0.312774415,0.193291171,-0.037739116,-6.20E-04,-9.761152534,1,0,84,3
Conference House,13,High,High,2018,8,Summer,70-90,7.529,0,0.078256563,0.7689646,77.10400089,3.397673147,2.504830543,0.537110945,3.041941488,0.217982675,-0.235391703,-0.265529323,1.501904347,1,1,65,3
Clearview,10,Low,High,2019,10,Fall,10--30,26.946,2.982,0.019026637,1.436696292,77.00188528,3.157077296,-0.268333553,3.81E-04,-0.267952812,0.22942289,0.057055759,0.036653752,-3.350018301,0,1,286,2
Pelham Bay,33,High,Low,2018,6,Summer,10--30,3.755,0.062,0.170608557,0.589637106,258.0191957,3.906298052,2.21919728,-0.523938905,1.695258375,0.273708527,-0.323113308,-0.492916078,-0.770817557,1,0,229,2
Clearview,11,Low,High,2019,10,Fall,10--30,31.25,0.259,0.023798932,1.316691712,63.36356812,2.597906293,-0.414835401,-0.057185994,-0.472021394,0.279433223,0.03163173,0.013019856,-0.298916993,0,1,292,2
Marine Park 1,22,High,High,2018,7,Summer,90-100,0,0,0.060808306,0.719950102,231.7337652,6.423157814,0.473676106,0.157347266,0.631023371,0.300386803,0.085208697,0.111521325,0.195382477,1,1,154,3
Marine Park 2,26,High,High,2018,7,Summer,30-70,12.119,0.029,0.034971956,0.695243726,104.3479402,3.689228239,1.349477883,0.094931363,1.444409246,0.301897154,0.15374766,0.165594866,0.274101042,1,1,189,3
Clove Lakes 2,16,High,High,2018,8,Summer,90-100,13.124,0,0.055502846,0.703437696,79.54070976,3.895471251,-0.320646729,0.060478191,-0.260168538,0.338733462,0.009388925,-4.29E-04,-2.25438628,1,1,99,3
Clearview,9,Low,Low,2019,10,Fall,10--30,21.405,0.672,0.021710953,1.421259181,70.58363688,2.893929112,-0.534164292,1.307077258,0.772912966,0.342691373,-0.050368876,0.028368315,-0.279809211,0,0,282,2
Clove Lakes 4,18,High,Low,2018,8,Summer,90-100,3.666,0,0.054854369,0.918892102,142.858243,6.179680609,-0.279790935,0.812012545,0.53222161,0.377856314,-0.046348536,-0.009906147,-0.062234994,1,0,119,3
Clearview,10,Low,High,2019,10,Fall,10--30,8.946,0.725,0.02330243,1.349117743,64.5713498,2.647425342,-0.453796147,0.021360663,-0.432435484,0.394004518,0.065870795,0.036412261,-2.518830145,0,1,288,2
Clove Lakes 2,16,High,High,2018,8,Summer,70-90,15.549,0.045,0.092563703,0.733442798,105.7325396,3.782307078,26.49939224,0.211358896,26.71075114,0.453085332,-2.696383248,-2.686022384,-2.240613167,1,1,93,3
Marine Park 2,25,High,High,2018,7,Summer,10--30,17.062,0.008,0.060203767,0.620339261,117.8391987,4.816582944,0.606304221,-0.288932831,0.31737139,0.478109207,0.880795722,0.769479442,1.002724705,1,1,176,2
Clove Lakes 2,15,High,Low,2018,8,Summer,70-90,14.481,0,0.068999028,0.874358632,89.58559576,3.832234321,-0.278835958,2.655805562,2.376969603,0.482557061,-0.252679988,5.98E-04,-2.508462924,1,0,88,3
Conference House,13,High,High,2018,8,Summer,70-90,0.193,0,0.087079981,0.711254199,145.0105176,3.040728191,0.164353046,0.174247918,0.338600964,0.568454639,0.014388171,-0.033989309,1.097071646,1,1,70,3
Fort Totten,20,High,Low,2018,8,Summer,60-74.5,1.823,0,0.094732544,0.716095108,87.98953795,3.987964528,-0.05811562,0.707525396,0.649409775,0.659667653,-0.09508818,-0.009076579,-0.633255483,1,0,134,3
Marine Park 1,21,High,High,2018,7,Summer,70-90,0,0,0.023410313,0.753886363,87.89765183,3.781696587,1.689749535,0.079083194,1.768832729,0.745860369,-0.06441609,-0.071118458,-0.505323487,1,1,143,3
Marine Park 2,25,High,High,2018,7,Summer,10--30,3.746,0.021,0.03577692,0.684152147,83.73897107,6.418618449,8.284633246,-0.381182528,7.903450717,0.755098285,-0.063358145,-0.132498731,1.481238827,1,1,179,2
Marine Park 2,25,High,High,2018,7,Summer,0-10,0.064,0.037,0.081959911,0.474356324,248.5741536,16.0327208,15.72726836,0.206393455,15.93366181,0.770398967,0.416329906,0.394479457,97.77001187,1,1,178,1
Alley Pond,1,Low,Low,2018,7,Summer,10--30,14.861,0.009,0.049399199,0.581576356,129.4867025,5.706112462,0.098955401,-0.430154217,-0.331198816,0.773407455,0.084898427,0.012279334,-1.560945878,0,0,4,2
Marine Park 2,28,High,Low,2018,7,Summer,30-70,3.011,0,0.025302922,0.773588868,96.146892,3.817956876,0.076779288,-0.271984418,-0.19520513,0.80032545,0.460624245,0.318564032,-0.456805478,1,0,206,3
Fort Totten,20,High,Low,2018,8,Summer,90-100,1.411,0,0.028980053,0.734616208,90.76081894,4.61185918,0.542685524,0.088281257,0.630966781,0.861984366,-0.011100192,-0.006929734,-0.419708242,1,0,130,3
Clove Lakes 2,15,High,Low,2018,8,Summer,30-70,33.297,0.004,0.118038238,0.780767005,175.6611512,4.387208513,0.930809155,0.305116549,1.235925704,1.093359951,-0.015219088,0.005197456,-1.847805868,1,0,87,3
Clearview,12,Low,Low,2019,10,Fall,10--30,27.045,0.758,0.02437223,6.034503139,63.11084194,2.58754452,-0.175070385,0.354264926,0.179194541,1.123929451,0.03776712,0.012722481,-0.762724954,0,0,296,2
Conference House,14,High,Low,2018,8,Summer,30-70,11.979,0,0.112127371,0.90743011,79.88947891,3.927825695,0.948990141,-0.00393175,0.945058391,1.158426024,-0.004845149,-0.023025405,1.670543624,1,0,74,3
Conference House,14,High,Low,2018,8,Summer,90-100,5.796,0,0.082958521,0.832251421,79.179214,2.832404013,2.404309459,1.365612162,3.769921621,1.174215865,-0.373003871,-0.242619881,1.196086339,1,0,79,3
Clearview,12,Low,Low,2019,10,Fall,10--30,10.448,0.194,0.033618878,0.821822628,64.94152155,2.662602383,0.00305286,0.079109026,0.082161885,1.183830138,0.09638733,0.018970334,0.7029993,0,0,294,2
Clearview,10,Low,High,2018,7,Summer,70-90,6.632,0,0.086699507,0.77434127,112.3723536,3.674473035,2.525359725,1.036033122,3.561392847,1.18475433,-0.249190324,-0.19123271,184.7085732,0,1,47,3
Marine Park 1,22,High,High,2018,7,Summer,90-100,0.205,0,0.035611165,0.756312373,152.8294407,6.423107372,0.65082639,0.220484792,0.871311182,1.220809134,0.051264225,0.024249827,0.177886687,1,1,149,3
Clove Lakes 4,18,High,Low,2018,8,Summer,30-70,24.989,0.011,0.096053091,0.701675588,85.60130759,3.543916731,0.367378213,1.636283918,2.003662132,1.248169368,-0.177223507,-0.020491779,0.203422197,1,0,117,3
Clove Lakes 4,18,High,Low,2018,8,Summer,70-90,7.77,0,0.075966851,0.80202876,101.2039323,3.876304002,-0.080030634,0.515395758,0.435365124,1.251263849,0.054599204,-0.013843571,0.123062551,1,0,118,3
Clearview,11,Low,High,2019,10,Fall,10--30,51.382,0.068,0.018506901,1.241410998,77.46847874,3.176207628,-0.118565635,0.850390249,0.731824615,1.252966438,0.008303802,0.022738772,-2.73011321,0,1,290,2
Marine Park 1,21,High,High,2018,7,Summer,90-100,0,0,0.034081796,0.733342121,50.42734858,4.214606096,0.711079389,0.065099856,0.776179244,1.256645722,-0.00142856,-0.034754539,0.181827128,1,1,139,3
Marine Park 2,28,High,Low,2018,7,Summer,30-70,5.525,0.017,0.072353729,0.602781284,179.1493917,5.244035675,2.443782359,-0.406024456,2.037757904,1.288738359,0.410678569,0.392070489,11.49605663,1,0,202,3
Clearview,12,Low,Low,2018,7,Summer,30-70,13.482,0,0.105608157,0.712685341,135.5716728,3.888463766,2.306373277,0.613611855,2.919985132,1.304718836,-0.094943492,-0.117173112,5.015295567,0,0,60,3
Clearview,11,Low,High,2018,7,Summer,10--30,6.728,0,0.052290837,0.671102682,96.09186705,3.698597131,3.262314367,0.804204545,4.066518912,1.327893284,-0.249458555,-0.236483285,5.281327784,0,1,49,2
Clearview,10,Low,High,2018,7,Summer,30-70,22.981,0,0.070415879,0.718570616,88.99364113,3.090067661,1.668335078,0.138638892,1.806973971,1.432212927,0.659007121,-0.061631325,0.204600461,0,1,46,3
Canarsie,8,Low,Low,2018,6,Summer,0-10,13.692,0.044,0.093333333,0.486230201,230.1701409,15.13022209,2.988752613,-0.452313861,2.536438752,1.456155217,0.22079899,0.042062166,0.942045579,0,0,34,1
Canarsie,7,Low,Low,2018,6,Summer,0-10,6.533,0.004,0.124398625,0.470668042,356.741349,23.7564071,26.98766277,0.404204159,27.39186693,1.478635358,-0.335325948,-0.472795772,-0.24377515,0,0,27,1
Alley Pond,2,Low,Low,2019,9,Summer,10--30,70.158,0.038,0.049102927,1.310524318,86.33242948,2.770656221,-0.372012092,-0.110503366,-0.482515458,1.482241639,0.089509831,0.027147134,3.815531714,0,0,256,2
Clove Lakes 2,16,High,High,2018,8,Summer,70-90,7.582,0,0.080781999,0.695950148,82.41081503,3.928570245,-0.338688464,0.283407655,-0.055280809,1.486221069,-0.014510435,-9.56E-04,-2.247937539,1,1,98,3
Clove Lakes 2,15,High,Low,2018,8,Summer,30-70,11.652,0.019,0.095952828,0.772126565,153.7012103,5.203623583,0.992802631,0.647524333,1.640326964,1.488110303,-0.017913949,-0.005444525,-1.058495104,1,0,82,3
Clove Lakes 2,16,High,High,2018,8,Summer,30-70,21.115,0.011,0.114985471,0.617434459,110.208888,4.349219385,0.566807941,0.17940098,0.746208921,1.490139577,0.001110644,-0.021141048,-1.971185542,1,1,97,3
Alley Pond,4,Low,High,2019,9,Summer,10--30,69.314,0.071,0.040836653,1.315736205,75.78577426,2.840367394,7.517306207,0.113230627,7.630536834,1.561180674,-0.655382988,-0.78267299,4.378016551,0,1,262,2
Marine Park 1,21,High,High,2018,7,Summer,30-70,14.937,0.001,0.060943452,0.742002311,95.10975821,3.270946051,2.904564252,0.551032979,3.455597231,1.566653239,-0.059265378,-0.095059817,-0.692948356,1,1,142,3
Canarsie,6,Low,High,2018,6,Summer,0-10,5.61,0,0.098828697,0.43984357,320.763638,19.32197767,-4.997140065,1.259346643,-3.737793422,1.590398821,-0.00836852,-0.124720993,0.429245149,0,1,25,1
Alley Pond,3,Low,High,2019,9,Summer,10--30,60.038,0.485,0.051036683,1.237417803,79.69944045,3.127559366,-0.533907397,-0.023478196,-0.557385592,1.590781843,0.071369772,0.020101346,6.570086178,0,1,258,2
Marine Park 1,21,High,High,2018,7,Summer,90-100,0,0.008,0.036516854,0.741244051,175.2555375,6.648876924,0.802985554,0.152382602,0.955368157,1.659819686,-0.064840011,-0.087271889,-1.306460082,1,1,144,3
Conference House,14,High,Low,2018,8,Summer,70-90,14.647,0,0.115789474,0.759458981,94.29868403,3.501523359,7.216410109,0.136911631,7.35332174,1.693848955,-0.644396166,-0.700922488,0.538497464,1,0,78,3
Alley Pond,2,Low,Low,2019,9,Summer,10--30,37.234,0.106,0.036662453,1.285624755,69.44251457,2.884501342,-0.54955634,0.046234407,-0.503321933,1.693870068,0.068222061,0.022643431,12.88020966,0,0,254,2
Clearview,10,Low,High,2018,7,Summer,60-80,14.118,0,0.053473263,0.804688664,155.551306,4.000862285,2.269000194,0.284817736,2.55381793,1.721487025,-0.107354312,-0.164374063,1.289169623,0,1,43,3
Clearview,10,Low,High,2018,7,Summer,30-60,24.446,0,0.044859813,0.76688779,115.760853,4.100149218,1.506146276,0.218579357,1.724725633,1.728842114,-0.018974498,-0.073239129,0.335259093,0,1,42,3
Clearview,9,Low,Low,2019,10,Fall,0-10,3.781,0.093,0.050869285,1.074648089,130.1175101,5.334817914,-0.337399424,1.295862404,0.95846298,1.80529844,0.031907246,0.04139939,220.8646393,0,0,281,1
Clearview,11,Low,High,2018,7,Summer,10--30,12.962,0,0.055165496,0.754699148,102.2279419,3.915604949,1.670412686,0.472309341,2.142722027,1.806882999,-0.014653177,-0.019309389,1.029500478,0,1,51,2
Fort Totten,19,High,High,2018,8,Summer,60-78,2.411,0,0.104919054,0.76547619,95.43042495,7.420000481,0.726478723,0.220818702,0.947297425,1.911714489,0.039455959,0.057239651,-0.205583978,1,1,125,3
Clearview,11,Low,High,2018,7,Summer,30-70,14.671,0,0.095505618,0.762492874,101.6454347,3.899186998,2.84492236,0.948067856,3.792990215,1.920080676,-0.185406272,-0.123753118,-15.00905911,0,1,52,3
Clove Lakes 4,17,High,High,2018,8,Summer,90-100,7.689,0,0.090581162,0.868415631,79.96414773,3.004763577,-0.308911935,1.545933367,1.237021433,1.977217238,-0.151358794,-0.009036832,-0.349930236,1,1,109,3
Conference House,13,High,High,2018,8,Summer,30-70,3.728,0,0.119168953,0.727837483,85.82431203,3.657421539,1.329900286,0.810349025,2.140249312,1.997038111,-0.008229461,0.065362421,1.198370129,1,1,64,3
Canarsie,6,Low,High,2018,6,Summer,0-10,5.712,0.033,0.097770154,0.557438759,281.5379632,18.5473396,11.15332485,0.232875162,11.38620002,2.073159075,0.380052143,0.23998072,-0.774733528,0,1,23,1
Fort Totten,19,High,High,2018,8,Summer,30-60,16.887,0,0.101763409,0.759463503,100.8527003,9.840619627,1.951925538,0.321442019,2.273367556,2.098423919,0.184747366,0.213704527,-0.96332002,1,1,124,3
Clove Lakes 2,16,High,High,2018,8,Summer,30-70,41.345,0.006,0.116367077,0.655696986,138.1765626,3.911925223,-0.365168416,0.11656147,-0.248606946,2.22583139,0.224951177,0.205697448,-5.683909316,1,1,92,3
Marine Park 1,21,High,High,2018,7,Summer,30-70,-0.003,-0.782,0.045454545,0.813623791,109.2445054,3.388453394,1.458034304,0.61758034,2.075614644,2.275138339,0.012660606,-0.020998693,-0.104579827,1,1,137,3
Fort Totten,20,High,Low,2018,8,Summer,30-70,10.198,0,0.082652571,0.769722129,105.5925657,5.865908365,2.007091993,0.068986275,2.076078268,2.339709691,-0.01945169,-0.02156637,0.499245431,1,0,128,3
Clove Lakes 4,18,High,Low,2018,8,Summer,90-100,20.599,0,0.060165975,1.038471681,77.68099735,3.399995864,1.361644398,0.438883676,1.800528074,2.412072098,0.261363787,-0.081307943,-0.336287552,1,0,114,3
Marine Park 2,26,High,High,2018,7,Summer,30-70,2.94,0.148,0.053435115,0.680942678,119.1722345,4.220764876,1.672948834,0.121308475,1.794257309,2.414902688,0.161199607,0.183760259,-0.547186207,1,1,185,3
Conference House,13,High,High,2018,8,Summer,10--30,0,0,0.102825382,0.770910145,85.34781096,4.214095266,0.124568713,1.282738415,1.407307128,2.527506368,0.482481057,0.594778347,1.509211441,1,1,63,2
Clearview,12,Low,Low,2018,7,Summer,10--30,8.497,0,0.073600973,0.692552458,138.4012864,3.483163717,2.459536202,0.462317663,2.921853865,2.540017432,0.032509203,-0.099616836,3.121397477,0,0,59,2
Clove Lakes 4,18,High,Low,2018,8,Summer,30-70,17.376,0.028,0.107575078,0.649530717,99.1631119,4.266453639,1.159025449,1.215790951,2.3748164,2.636687374,-0.163402479,-0.057445904,0.073645074,1,0,112,3
Clearview,10,Low,High,2018,7,Summer,10--30,4.937,0,0.067450179,0.612595489,203.4162171,3.784085538,2.795247271,0.111422329,2.9066696,2.654660315,-0.183767815,-0.209820264,6.635276431,0,1,45,2
Marine Park 1,21,High,High,2018,7,Summer,70-90,3.29,0,0.040450375,0.803192158,77.93044655,3.751819061,0.320647431,0.374828311,0.695475742,2.698794375,0.012137848,-0.04243097,-0.398037865,1,1,138,3
Alley Pond,1,Low,Low,2019,9,Summer,10--30,88.428,0.253,0.078286082,1.568473244,126.5076151,4.83882442,-0.086460597,0.183921399,0.097460803,2.731390295,0.05527825,0.011380613,13.97339823,0,0,250,2
Conference House,13,High,High,2018,8,Summer,30-70,3.133,0.008,0.106060606,0.633951043,90.24965841,3.550686569,2.11467594,-0.133907237,1.980768702,2.758580122,-0.075526853,-0.091861157,2.051205964,1,1,69,3
Clove Lakes 4,17,High,High,2018,8,Summer,30-70,23.577,0.004,0.083925283,0.694265421,97.2408344,3.906296582,0.651034755,0.484281569,1.135316323,2.81141164,-0.064988473,-0.066542601,0.507047293,1,1,102,3
Clove Lakes 4,17,High,High,2018,8,Summer,70-90,18.987,0,0.091524217,0.793753184,89.87202464,3.109400473,-0.165578397,0.306228698,0.140650301,3.04151246,-0.00980764,-0.009973543,-4.016806108,1,1,108,3
Marine Park 1,22,High,High,2018,7,Summer,30-70,27.66,0.053,0.043108036,0.733953325,107.9948513,3.368631595,3.153086571,0.176585825,3.329672397,3.14010916,-0.149646723,-0.181175292,-0.440368662,1,1,147,3
Clearview,11,Low,High,2019,10,Fall,0-10,3.885,0.464,0.049242424,1.037100388,73.44123905,3.011090801,1.976558481,0.511147072,2.487705553,3.303493972,0.068523371,0.037445107,320.6642778,0,1,289,1
Clove Lakes 4,17,High,High,2018,8,Summer,70-90,7.176,0.016,0.061939342,0.688044539,87.461921,3.722144804,0.203025879,0.212635363,0.415661242,3.324061669,0.005024917,-0.001126523,4.835151681,1,1,103,3
Conference House,14,High,Low,2018,8,Summer,30-70,11.148,0.98,0.104770814,0.727861039,130.9701016,3.930191172,26.11024031,1.05895152,27.16919183,3.354428673,-2.543659932,-2.491313832,1.514172857,1,0,77,3
Clearview,9,Low,Low,2019,10,Fall,0-10,4.548,1.35,0.063382594,1.196334235,102.8015937,4.214865341,3.295112615,0.794985535,4.09009815,3.356383704,0.086779906,0.075652377,88.14192115,0,0,283,1
Clearview,9,Low,Low,2019,10,Fall,10--30,20.708,0.226,0.034699079,1.614662471,70.60590581,2.894842138,-0.237492016,2.521573236,2.28408122,3.387448434,-0.026836905,0.019010217,-3.861360772,0,0,284,2
Marine Park 1,22,High,High,2018,7,Summer,10--30,3.199,0.096,0.050437468,0.627895998,95.9719036,3.380571381,2.699049148,0.574945264,3.273994412,3.480412677,0.106484534,0.025406053,0.201761377,1,1,151,2
Clearview,9,Low,Low,2018,7,Summer,10--30,11.584,0,0.060453401,0.715082971,137.8792527,4.440732261,2.424216703,1.352292001,3.776508704,3.559982177,-0.00800089,0.00464192,4.172694192,0,0,37,2
Marine Park 3,29,High,High,2018,7,Summer,90-100,0,0,0.00232378,0.545899354,130.6511103,4.993189458,1.412583117,-1.702085387,-0.28950227,3.650501552,0.141973813,0.050285423,-745.1678462,1,1,215,3
Clearview,9,Low,Low,2018,7,Summer,30-70,24.337,0,0.075510204,0.761937174,114.7463786,6.098439497,3.397810547,0.849242434,4.247052981,3.870268291,-0.081941306,-0.124602642,0.634636463,0,0,38,3
Canarsie,5,Low,High,2018,6,Summer,10--30,29.811,0,0.093868922,0.689465003,124.432108,8.567744004,5.823472728,0.700422614,6.523895342,4.144033427,-0.208195779,-0.311389013,-3.892749208,0,1,21,2
Canarsie,5,Low,High,2019,10,Fall,10--30,14.145,2.376,0.095105452,1.626834078,151.1070106,2.822493931,-0.400711746,-0.033457,-0.434168746,4.241129886,0.018834,-0.010331019,0.87583112,0,1,268,2
Marine Park 1,22,High,High,2018,7,Summer,70-90,4.799,0,0.064288237,0.749664592,98.27639974,3.822758654,2.034213131,0.3550535,2.38926663,4.242642213,-0.006188323,-0.025231503,-0.591345743,1,1,153,3
Clearview,12,Low,Low,2018,7,Summer,0-10,3.677,0.059,0.062533121,0.455213329,157.7732643,6.918773614,2.981660416,0.931176968,3.912837384,4.389604247,0.175868006,0.0892972,88.84815345,0,0,54,1
Clearview,12,Low,Low,2018,7,Summer,70-90,7.094,0,0.051993942,0.771411851,80.81247606,3.626207898,1.883437541,1.828290224,3.711727765,4.448799449,0.036036031,-0.022773112,-0.347442801,0,0,57,3
Fort Totten,20,High,Low,2018,8,Summer,70-90,5.785,0.006,0.057254902,0.727325482,90.84778979,4.866146691,2.906627704,0.078269858,2.984897562,4.510885569,-0.175663753,-0.166565433,0.144038525,1,0,129,3
Marine Park 2,27,High,Low,2018,7,Summer,10--30,18.284,0.049,0.064345527,0.626843085,215.6938629,4.558135451,5.344747859,-0.264870385,5.079877474,4.511785556,-0.006399318,-0.006089966,11.101169,1,0,197,2
Marine Park 2,25,High,High,2018,7,Summer,70-90,0,0,0.019798869,0.714994788,57.79895006,3.499546514,-0.242900707,-0.219540437,-0.462441144,4.77392351,-0.048029815,-0.049557368,-0.492670962,1,1,181,3
Clove Lakes 4,18,High,Low,2018,8,Summer,70-90,17.098,0,0.082264485,0.695991786,89.07147188,4.073378767,1.685941839,0.858418054,2.544359893,4.854373418,-0.111946455,-0.10247006,-0.658092725,1,0,113,3
Clearview,10,Low,High,2018,7,Summer,10--30,14.26,0,0.044813696,0.713694086,206.5684328,3.472864432,1.61267966,0.620142765,2.232822426,4.989811863,0.19116722,0.173622865,3.997965969,0,1,41,2
Conference House,13,High,High,2018,8,Summer,10--30,9.268,0,0.055649958,0.628506459,108.6918339,3.257778198,5.598555733,0.118400869,5.716956602,5.074698384,-0.3315106,-0.338450718,1.303175573,1,1,68,2
Marine Park 1,21,High,High,2018,7,Summer,10--30,30.813,0.021,0.066722973,0.558576167,152.5538615,3.451268359,3.565972079,0.229575939,3.795548018,5.089552954,0.163729507,0.087783791,0.233989311,1,1,141,2
Clearview,10,Low,High,2019,10,Fall,0-10,3.699,2.222,0.050511509,1.141169604,101.7873608,4.173281792,3.304148692,0.217738161,3.521886853,5.098766084,0.223988291,0.102934148,233.7395506,0,1,287,1
Clearview,12,Low,Low,2018,7,Summer,30-70,25.052,0,0.113613614,0.658304252,204.0307746,5.642945214,3.871393892,0.291865284,4.163259177,5.130254927,0.118721887,0.03448908,5.828936805,0,0,56,3
Marine Park 1,22,High,High,2018,7,Summer,30-70,11.299,0.267,0.045584046,0.730010466,101.861787,4.079500877,2.504614043,0.246432542,2.751046585,5.148908259,-0.096710344,-0.121416929,-0.818973661,1,1,152,3
Clearview,11,Low,High,2019,10,Fall,0-10,4.76,2.326,0.059243176,0.911066545,65.35270769,2.679461015,0.231015909,0.549914675,0.780930584,5.20291789,0.064632458,0.008703598,232.7015209,0,1,291,1
Marine Park 1,22,High,High,2019,10,Fall,10--30,36.428,0.028,0.103714085,0.667611108,218.8220226,3.262926759,1.90208206,0.327947203,2.230029263,5.429217824,0.09374322,0.067685359,0.49621991,1,1,336,2
Clearview,10,Low,High,2019,10,Fall,0-10,10.763,0.804,0.059093225,1.353454324,95.4151543,3.912021326,3.660501734,0.333912034,3.994413768,5.759492294,0.233237826,0.190437244,98.21319667,0,1,285,1
Clove Lakes 2,16,High,High,2018,8,Summer,10--30,37.09,0.166,0.093841642,0.467919425,168.0670658,4.379043877,1.955082641,0.492857835,2.447940476,5.805533499,0.045234443,0.067381971,0.313169158,1,1,96,2
Clove Lakes 2,15,High,Low,2018,8,Summer,10--30,7.214,0,0.054066761,0.732484999,202.6986078,5.793802802,4.220635361,0.541674888,4.762310249,5.849047862,0.086163872,0.107639782,4.310496552,1,0,86,2
Marine Park 1,23,High,Low,2019,10,Fall,10--30,8.182,0.279,0.094255792,0.974945095,189.7162501,2.813612246,0.843019682,0.534219296,1.377238977,5.85069695,0.056792697,-0.021107229,122.2970382,1,0,340,2
Fort Totten,20,High,Low,2018,8,Summer,10--30,15.48,0,0.122685185,0.669953324,259.8410886,24.14299994,4.830954828,0.480350034,5.311304862,5.952884253,0.873884155,0.890084877,1.196976484,1,0,132,2
Marine Park 3,29,High,High,2018,7,Summer,70-90,0,0,0.029866667,0.557936948,70.23385268,2.757430418,1.638806489,-1.719622705,-0.080816217,6.236496997,0.150506729,0.093747657,-10.68345608,1,1,214,3
Alley Pond,4,Low,High,2019,9,Summer,10--30,38.058,0.357,0.184067086,1.057292236,71.97611432,2.214699681,0.543516493,0.287455224,0.830971717,6.393425563,0.13171568,0.053985163,2.876274761,0,1,264,2
Clove Lakes 4,18,High,Low,2019,10,Fall,10--30,7.175,0.17,0.106780566,1.551647177,176.9639215,5.625010647,1.727340987,0.205117624,1.932458611,6.517565908,0.179599606,0.042979394,11.59613027,1,0,320,2
Marine Park 1,21,High,High,2018,7,Summer,10--30,8.078,0.051,0.072643979,0.635319379,189.3810429,5.969645212,4.334265134,0.894816621,5.229081756,6.551793528,0.160227677,0.101221037,0.936949162,1,1,136,2
Marine Park 2,25,High,High,2019,10,Fall,10--30,9.305,0.292,0.05736592,1.228171771,110.048196,2.635207137,2.978245384,-0.062920292,2.915325092,6.567956121,0.071283555,-9.79E-06,3.143790927,1,1,346,2
Marine Park 1,23,High,Low,2019,10,Fall,10--30,0.316,0.03,0.086546521,1.247177886,168.6735473,3.665953711,1.200354731,0.496496107,1.696850838,6.57521566,-0.043011796,-0.059867005,55.36335872,1,0,338,2
Marine Park 2,27,High,Low,2018,7,Summer,30-60,21.013,0.043,0.095006628,0.538959139,71.01356845,3.508537986,9.513552518,-0.344068835,9.169483683,6.653004045,-0.143978305,-0.1619812,6.026450666,1,0,198,3
Clove Lakes 2,16,High,Low,2019,10,Fall,10--30,31.735,0.111,0.166564417,1.255488041,238.3346566,4.712568971,0.046384882,0.070539043,0.116923925,6.702608263,0.199029343,0.039587853,4.906793302,1,0,312,2
Alley Pond,4,Low,High,2018,7,Summer,10--30,8.98,0.001,0.063186813,0.528952538,139.9185684,8.125586247,2.498805975,12.82666354,15.32546951,6.829482885,-1.153428865,0.029099425,33.49747327,0,1,14,2
Clove Lakes 2,16,High,Low,2019,10,Fall,10--30,29.184,0.149,0.184827946,1.168904626,292.9248172,3.067834577,2.137881528,0.034419139,2.172300667,7.218809807,0.31271286,0.059705439,5.874611571,1,0,310,2
Clearview,11,Low,High,2018,7,Summer,70-90,0,0,0.099497487,0.852562932,124.1098835,3.893624863,2.466456127,5.053868742,7.520324869,7.245002209,0.025499676,-0.120186624,0.610801251,0,1,53,3
Clearview,12,Low,Low,2019,10,Fall,0-10,8.175,0.69,0.057570524,1.055594483,71.93803764,2.949459543,4.479657013,0.32705077,4.806707783,7.675445166,0.129877218,0.078879466,148.0924133,0,0,293,1
Conference House,13,High,Low,2019,10,Fall,10--30,12.834,0.254,0.177287828,1.325042284,265.0386058,4.067069896,2.032173692,0.092327982,2.124501674,7.83751678,0.293161035,0.116609671,0.855950461,1,0,298,2
Marine Park 1,22,High,High,2019,10,Fall,10--30,11.86,0.145,0.096645367,1.310052609,167.9122583,3.622446497,2.54903714,0.953393124,3.502430263,7.846368626,0.095202586,0.057620281,273.3493288,1,1,334,2
Marine Park 1,24,High,Low,2019,10,Fall,10--30,12.433,0.032,0.119920432,1.318480705,227.5304889,2.734259629,-0.004547577,2.854933415,2.850385838,7.939182958,0.093970362,-0.014389492,-8.141302149,1,0,344,2
Clearview,11,Low,High,2018,7,Summer,0-10,5.109,0.305,0.088632949,0.417827981,432.3292899,9.429236772,8.262071485,1.093530743,9.355602229,7.973162454,0.206606015,0.141855253,483.0354916,0,1,48,1
Marine Park 1,22,High,High,2018,7,Summer,10--30,7.493,0.432,0.091709464,0.569838446,206.6893649,4.081371823,4.375430936,0.433738453,4.809169389,8.087138994,0.203485842,0.157142154,3.005045982,1,1,146,2
Clearview,11,Low,High,2018,7,Summer,0-10,9.163,0.07,0.072098765,0.536231224,178.6863538,7.13602722,15.53614076,0.620183328,16.15632408,8.120362008,-0.809105089,-0.796752948,248.9859548,0,1,50,1
Pelham Bay,33,High,Low,2018,6,Summer,10--30,1.464,0.109,0.232394366,0.507273732,463.0603541,4.553239443,1.21298295,-0.561131512,0.651851438,8.3207035,-0.221496998,-0.417519383,-2.065994149,1,0,234,2
Marine Park 1,22,High,High,2018,7,Summer,70-90,13.502,0,0.116460905,0.709251289,179.7123031,4.767130889,6.174329931,0.482955754,6.657285685,8.658292149,0.884153718,0.858127746,7.751537163,1,1,148,3
Clove Lakes 2,15,High,Low,2018,8,Summer,10--30,0.996,0.012,0.126020686,0.6868587,271.6017547,6.362384901,4.666516027,2.233469987,6.899986015,8.83750398,-0.033891053,0.168096807,385.0665178,1,0,81,2
Marine Park 3,29,High,High,2018,7,Summer,30-70,10.689,0.037,0.038239134,0.546392576,71.57031411,2.959839213,4.574643662,-1.80959278,2.765050882,8.859656664,0.118334853,-6.45E-04,-1.442628405,1,1,213,3
Marine Park 2,25,High,High,2018,7,Summer,0-10,0.357,0.392,0.10801217,0.436849851,480.605501,14.72998241,2.182879435,0.160222108,2.343101543,8.950328778,2.229012493,2.106036842,135.0643757,1,1,175,1
Alley Pond,3,Low,High,2018,7,Summer,10--30,9.824,0.018,0.047526673,0.487946797,131.3431916,8.546977912,8.694294481,-0.420758032,8.273536449,9.014808678,0.595668373,0.423386952,-7.500278781,0,1,10,2
Marine Park 1,24,High,Low,2019,10,Fall,10--30,6.723,1.47,0.108096828,1.506391165,162.193864,2.544859678,0.777139407,3.580678998,4.357818404,9.017876149,0.209104629,0.003291772,214.254702,1,0,342,2
Marine Park 2,28,High,Low,2018,7,Summer,10--30,2.705,0.035,0.047945205,0.693271168,200.8004289,6.055059116,3.756023723,-0.334567827,3.421455896,9.062333784,1.983483575,1.898168915,6.551918134,1,0,201,2
Marine Park 1,21,High,High,2019,10,Fall,10--30,4.891,0.038,0.080746975,1.191014226,124.1607988,4.145850625,3.416951113,0.156835747,3.573786861,9.100378423,0.210838882,0.124321489,-8.011540597,1,1,332,2
Marine Park 2,26,High,High,2018,7,Summer,90-100,0,0,0.019166267,0.728947488,115.0731338,5.07776315,1.003200517,-0.296587316,0.706613201,9.60741603,-0.099353502,-0.117878521,0.230247036,1,1,191,3
Canarsie,5,Low,High,2018,6,Summer,0-10,5.945,0.046,0.156472262,0.441354811,270.9843671,27.08686938,30.80443435,0.015021461,30.81945581,9.745994166,-0.162903831,-0.531209352,-17.50906961,0,1,20,1
Alley Pond,3,Low,High,2019,9,Summer,10--30,33.107,0.324,0.110595514,0.98048051,127.6049452,3.242708562,4.239541194,0.770197999,5.009739193,9.911690577,0.249064333,0.158369456,39.65675507,0,1,260,2
Fort Totten,20,High,Low,2018,8,Summer,10--30,5.357,0.015,0.121695342,0.691591561,219.8793722,14.72910569,6.167303392,0.19643356,6.363736952,10.04967958,1.145168064,1.137697185,9.105570043,1,0,127,2
Marine Park 2,28,High,Low,2018,7,Summer,70-90,0,0,0.019888346,0.985559489,69.25458214,4.015217769,0.119601923,-0.386913962,-0.26731204,10.2838309,0.572702919,0.532809362,-0.515272929,1,0,203,3
Canarsie,5,Low,High,2019,10,Fall,10--30,35.651,0.048,0.086857143,1.295244611,241.3138856,3.793670604,0.935137946,0.108223166,1.043361112,10.54745506,0.044297191,0.0054746,1.13285228,0,1,266,2
Clove Lakes 4,18,High,Low,2018,8,Summer,10--30,8.447,0.016,0.117104814,0.598159062,142.1753243,5.575862958,4.301335583,0.321009094,4.622344678,10.81182418,0.111989985,0.107824117,2.022946272,1,0,116,2
Clearview,9,Low,Low,2018,7,Summer,70-90,5.712,0,0.077108434,0.82712321,139.11851,4.873692354,1.591825763,9.0638557,10.65568146,10.89170121,0.156137277,-0.044542615,0.302817088,0,0,39,3
Clove Lakes 4,17,High,High,2018,8,Summer,30-70,6.306,0,0.123087159,0.77405541,106.6470603,3.784278496,1.37757341,0.637305207,2.014878618,11.06950736,-0.014568196,0.006168812,0.218728548,1,1,107,3
Marine Park 2,26,High,High,2018,7,Summer,70-90,0,0,0.020895522,0.747890524,59.99496935,2.774133024,3.337030701,-0.294750552,3.04228015,11.06969443,-0.407398123,-0.410028991,-0.414100051,1,1,190,3
Alley Pond,2,Low,Low,2018,7,Summer,0-10,4.379,0.144,0.11360799,0.371251273,248.601983,8.012880105,0.976277373,-0.410228786,0.566048587,11.19491355,0.150001161,-0.042574391,0.151487456,0,0,7,1
Marine Park 2,27,High,Low,2019,10,Fall,10--30,2.032,0.157,0.043601004,1.441247516,143.0770281,2.367859457,1.534139891,-0.10875287,1.42538702,11.24718698,0.061589278,8.10E-05,4.005002048,1,0,354,2
Marine Park 1,21,High,High,2019,10,Fall,10--30,12.345,0.419,0.108359133,1.268385578,167.7412521,2.854460096,4.278109102,0.123844978,4.401954079,11.78017624,0.045240279,-2.04E-04,30.11246821,1,1,330,2
Clearview,12,Low,Low,2019,10,Fall,0-10,5.416,2.272,0.056179775,0.986884334,92.84653479,3.806707927,3.424985913,0.349391573,3.774377486,11.8880547,0.186249549,0.050173186,139.7945088,0,0,295,1
Clove Lakes 2,15,High,Low,2018,8,Summer,70-90,16.005,0,0.071010535,0.819994678,137.4553538,4.992615103,-0.154429606,0.612158357,0.45772875,11.97072895,-0.064162299,-0.008788432,-2.224714578,1,0,83,3
Conference House,14,High,High,2019,10,Fall,10--30,3.058,0.234,0.153219234,1.362007478,226.0286538,4.942794,0.77878678,0.381858465,1.160645245,12.01113519,0.269117858,0.056950962,3.042172954,1,1,302,2
Clove Lakes 2,16,High,High,2018,8,Summer,10--30,5.463,0.025,0.137426901,0.643882004,150.5765437,4.705587539,4.455964614,0.257326247,4.713290861,12.23525488,0.138440399,0.129028095,1.944102584,1,1,91,2
Fort Totten,20,High,Low,2019,10,Fall,10--30,28.618,1.982,0.091376582,1.524566719,236.9633673,5.895686872,3.354767335,0.015310017,3.370077352,12.37165317,0.339745415,0.094173392,15.65014538,1,0,326,2
Pelham Bay,33,High,Low,2019,10,Fall,10--30,0.466,0.139,0.129804663,1.20856615,251.2439788,2.440550447,6.397660606,0.314966287,6.712626893,12.56728184,0.954944431,0.302068653,17.4326879,1,0,378,2
Canarsie,6,Low,High,2019,10,Fall,10--30,51.462,0.009,0.097690941,1.387401528,271.0625528,3.69933123,1.50760553,0.284053675,1.791659205,12.68210592,0.089394706,0.043542205,4.369036425,0,1,270,2
Pelham Bay,35,High,High,2018,7,Summer,10--30,4.844,0.012,0.135540839,1.101654414,234.7631794,3.643139373,2.175896078,2.584283926,4.760180004,12.70437827,0.509011341,0.700829775,314.6803276,1,1,244,2
Alley Pond,3,Low,High,2018,7,Summer,0-10,1.517,0.347,0.108761329,0.370717569,413.317648,11.76007763,-0.09169314,-0.287183962,-0.378877102,12.7498899,0.263143085,0.012237044,1787.591435,0,1,9,1
Alley Pond,2,Low,Low,2019,9,Summer,0-10,1.623,0.616,0.119197921,0.955243411,689.0596412,6.622716795,-0.617379558,0.632763508,0.01538395,12.95950912,0.228261846,0.027724454,231.5251672,0,0,253,1
Marine Park 2,28,High,Low,2018,7,Summer,70-90,0.075,0,0.030560272,0.744714303,98.93139341,3.516053334,-0.034197855,-0.306408963,-0.340606818,13.1476087,0.09697995,0.047751383,-0.371611987,1,0,207,3
Alley Pond,3,Low,High,2018,7,Summer,0-10,2.409,0.112,0.130072841,0.370771745,260.5576237,9.018498565,2.779424889,-0.263066259,2.51635863,13.24927135,0.261996764,0.001078482,839.047152,0,1,11,1
Marine Park 2,27,High,Low,2018,7,Summer,10--30,17.591,0.824,0.114438064,0.572915067,365.8150109,4.877628866,9.661395427,-0.122471087,9.53892434,13.89229028,-0.060258599,-0.101902906,15.81937648,1,0,193,2
Marine Park 2,26,High,High,2018,7,Summer,10--30,7.019,0.138,0.079851439,0.609505774,279.7985006,7.112434658,8.755087654,0.125796841,8.880884495,14.03285618,0.203590855,0.221434142,23.58344791,1,1,184,2
Clove Lakes 2,15,High,High,2019,10,Fall,10--30,11.078,0.029,0.202184087,1.22369137,254.7204861,7.837318449,5.763327753,0.318280504,6.081608257,14.04126053,0.352604062,0.330126607,22.61926866,1,1,306,2
Canarsie,6,Low,High,2018,6,Summer,10--30,17.438,0,0.083732057,0.724136118,135.0953956,7.489296134,2.420635417,0.698358101,3.118993518,14.23943711,-0.142654062,-0.233446342,-4.637810225,0,1,24,2
Canarsie,7,Low,Low,2018,6,Summer,30-70,24.8,0,0.06281407,0.706934572,103.4279805,5.567815413,-5.067975195,0.018946758,-5.049028437,14.27353498,0.13328382,0.014646461,-2.299811057,0,0,29,3
Pelham Bay,35,High,High,2019,10,Fall,10--30,1.421,0.049,0.113014947,1.231993733,205.8153824,4.569559344,8.653156544,0.292302019,8.945458563,14.42669255,0.26993613,0.213279108,9.756368396,1,1,388,2
Canarsie,6,Low,High,2019,10,Fall,10--30,61.571,0.066,0.103392569,0.507814442,230.9324753,2.373582341,3.245228375,0.544093098,3.789321473,15.81062491,-0.0071535,-0.009632651,6.760997481,0,1,272,2
Clove Lakes 4,18,High,Low,2019,10,Fall,10--30,13.268,0.485,0.141411134,1.463425915,314.4684343,6.680897052,4.543743605,0.188473124,4.732216729,16.1381215,0.306195437,0.253105107,6.336002036,1,0,318,2
Marine Park 2,25,High,High,2018,7,Summer,30-70,9.214,0.028,0.04676259,0.649202131,79.1381047,3.709507974,1.127044147,-0.259384301,0.867659845,17.02521285,0.155010312,0.134593113,-0.539521458,1,1,180,3
Clove Lakes 4,17,High,High,2019,10,Fall,10--30,5.559,0.156,0.142914172,1.433886283,275.7202228,5.709198381,1.817954436,0.161002295,1.978956731,17.17963874,0.295862678,0.235391692,4.223837837,1,1,316,2
Pelham Bay,35,High,High,2019,10,Fall,10--30,5.451,0.154,0.120891575,1.762662275,249.240243,4.106676592,5.702386015,0.144206244,5.846592258,17.51811289,0.404651715,0.368117914,0.796057499,1,1,386,2
Marine Park 2,28,High,Low,2018,7,Summer,0-10,0.145,0.072,0.066950053,0.509608865,285.7859677,16.29225932,7.8054623,0.717963721,8.523426021,17.56163209,-0.581305381,-0.707306994,92.85640084,1,0,204,1
Fort Totten,19,High,High,2018,8,Summer,10--30,4.924,0.04,0.094117647,0.71325529,136.0762475,8.754386418,10.07106495,0.614699531,10.68576448,18.56993217,0.131133844,0.177566584,4.201638328,1,1,121,2
Alley Pond,4,Low,High,2018,7,Summer,0-10,4.59,0.122,0.108886108,0.503245888,413.5859098,7.754834099,10.62586183,6.101828065,16.7276899,18.60873825,-1.536808266,-1.03728753,626.5127791,0,1,13,1
Fort Totten,19,High,High,2019,10,Fall,10--30,24.915,0.14,0.083176818,11.02326906,257.034313,5.077282051,3.43581242,0.115198377,3.551010796,18.66880332,0.238376022,0.183537805,8.46802789,1,1,324,2
Canarsie,7,Low,Low,2018,6,Summer,10--30,14.705,0,0.077316948,0.714417914,129.7251225,6.847259519,-5.9671545,-0.146936778,-6.114091277,18.78771245,0.155679589,0.023308561,-2.328230951,0,0,31,2
Conference House,14,High,Low,2018,8,Summer,10--30,16.008,0.007,0.136011617,0.62764046,296.5982114,4.766747171,8.132343548,0.176088016,8.308431564,18.79163571,0.189081145,0.117731351,19.17924865,1,0,73,2
Alley Pond,1,Low,Low,2018,7,Summer,0-10,3.038,0.122,0.040735874,0.440392838,359.2255726,11.82886115,8.123059679,-0.301601543,7.821458136,19.08735243,-1.110176751,-1.267514073,224.1949335,0,0,1,1
Marine Park 1,21,High,High,2018,7,Summer,0-10,0.649,0.341,0.073453608,0.480926999,247.6590069,8.861457011,11.76226353,1.066418818,12.82868235,19.46584383,0.334711086,0.169914751,94.76864331,1,1,135,1
Marine Park 2,28,High,Low,2019,10,Fall,10--30,15.375,0.475,0.079390537,1.226253252,91.6966923,5.410191322,5.975661867,-0.081657016,5.894004852,19.77839756,0.158949731,-5.66E-04,8.79,1,0,358,2
Fort Totten,19,High,High,2019,10,Fall,10--30,33.426,0.01,0.068103871,1.274988734,260.9412712,3.986712182,4.297246328,0.193649423,4.490895751,19.81662355,0.280357527,0.162017627,38.60125791,1,1,322,2
Marine Park 2,27,High,Low,2018,7,Summer,60-80,0,0.005,0.041268628,0.72219343,36.34733013,2.98328624,0.721963399,-0.315840353,0.406123047,20.16785112,1.422824714,1.40830976,-0.506514399,1,0,199,3
Pelham Bay,33,High,Low,2018,6,Summer,0-10,0.465,0.108,0.241315301,0.388093513,631.5594343,10.06813456,32.07106305,9.199391365,41.27045441,20.24055381,-4.180429758,-3.50633429,-11.12724855,1,0,228,1
Marine Park 2,28,High,Low,2018,7,Summer,10--30,17.381,0.095,0.028225806,0.677544818,104.4783148,5.630620589,2.694303593,-0.352038181,2.342265413,20.26027971,0.744912815,0.551106722,3.328490809,1,0,205,2
Clearview,10,Low,High,2018,7,Summer,0-10,3.445,0.254,0.089859438,0.40611798,223.1517851,7.209652532,7.493783202,0.596583907,8.090367109,20.43286381,-0.053633203,-0.12695105,249.4960797,0,1,44,1
Clearview,12,Low,Low,2018,7,Summer,10--30,4.907,0,0.06132542,0.717841764,122.141673,3.837662271,15.53853888,3.698322229,19.23686111,20.46832747,0.165220848,0.152411416,3.312271383,0,0,55,2
Clearview,9,Low,Low,2018,7,Summer,0-10,2.789,0.136,0.093274423,0.558244076,377.4764034,6.738947537,8.188556815,2.404293255,10.59285007,20.62014997,-0.006130184,0.039747816,400.3198334,0,0,36,1
Marine Park 2,28,High,Low,2019,10,Fall,10--30,8.209,0.099,0.075512741,1.251574662,384.6052831,4.635416794,3.215772753,-0.032029611,3.183743142,21.21780976,0.211472547,1.05E-05,9.671713275,1,0,360,2
Alley Pond,1,Low,Low,2018,7,Summer,0-10,4.018,0.215,0.093930636,0.468033661,343.4637758,9.503624699,13.66379914,-0.439149784,13.22464936,21.82740109,1.072070033,0.108565521,1092.767997,0,0,3,1
Alley Pond,4,Low,High,2018,7,Summer,10--30,15.953,0.095,0.035331906,0.589293299,87.89066952,2.926210281,3.499456428,0.131362218,3.630818646,21.84758588,1.46018165,-0.35393561,1.526309699,0,1,16,2
Clove Lakes 2,15,High,Low,2018,8,Summer,0-10,4.841,0.269,0.116698656,0.535421762,684.2497509,11.20088003,25.81231291,0.614399093,26.42671201,22.05337783,-0.547385424,-0.497950599,515.0393282,1,0,85,1
Pelham Bay,36,High,High,2018,7,Summer,10--30,2.614,0.168,0.192289157,1.199617073,432.8721627,7.125019144,9.897987578,3.031497314,12.92948489,22.50914455,0.181253029,0.409740705,16.97440798,1,1,248,2
Clove Lakes 4,18,High,Low,2018,8,Summer,10--30,9.313,0.418,0.148481973,0.54680052,281.0420686,7.892951784,7.034562422,0.26313223,7.297694652,22.536876,0.129237036,0.056838191,32.06271496,1,0,111,2
Pelham Bay,34,High,Low,2019,10,Fall,10--30,1.337,0.145,0.043920145,1.02883796,301.1163023,4.332449635,4.246324747,0.412505824,4.658830571,22.57201872,0.791632303,0.772345959,22.47362593,1,0,382,2
Marine Park 3,29,High,High,2018,7,Summer,10--30,5.005,0.044,0.124122645,0.449514051,782.792448,4.783528039,19.69327608,-1.804592227,17.88868385,23.10662389,-0.125002977,-0.224617427,0.048972765,1,1,212,2
Canarsie,8,Low,Low,2018,6,Summer,10--30,9.044,0,0.056603774,0.255729658,300.2239557,20.66165206,-3.389235425,-0.457092937,-3.846328361,24.17419455,0.47351131,-0.19428219,2.159658741,0,0,33,2
Conference House,13,High,Low,2019,10,Fall,10--30,8.278,0.162,0.213760118,1.255609929,420.0707235,7.696652166,4.668257181,0.166271609,4.83452879,25.50795498,0.429436907,0.345114796,35.42226709,1,0,300,2
Alley Pond,4,Low,High,2019,9,Summer,0-10,2.913,0.504,0.126882702,0.834341195,184.9105562,22.35875587,3.085946739,1.677951984,4.763898723,25.61536678,0.539926678,0.059377123,211.681049,0,1,263,1
Alley Pond,3,Low,High,2018,7,Summer,10--30,6.292,0.031,0.038882139,0.656777975,175.7721231,5.77774009,14.80959985,-0.222567951,14.5870319,29.4097359,1.840374251,0.215757008,5.140660669,0,1,12,2
Canarsie,5,Low,High,2018,6,Summer,30-70,29.622,0,0.075083893,0.782433912,75.37301275,6.551024152,1.414712396,0.933897971,2.348610366,29.89774321,-0.196410296,-0.260790359,-4.80510722,0,1,22,3
Marine Park 2,25,High,High,2019,10,Fall,10--30,14.319,0.356,0.089726484,1.039443966,298.6565919,3.829246156,12.11397266,0.139465023,12.25343768,30.08743953,0.195133823,-3.16E-04,60.18447022,1,1,348,2
Pelham Bay,36,High,High,2019,10,Fall,10--30,20.769,0.049,0.165073295,1.084274116,364.3043427,4.624409908,10.58072569,0.761660365,11.34238606,30.7848432,0.603334086,0.588356274,6.489363939,1,1,392,2
Marine Park 3,30,High,Low,2019,10,Fall,10--30,20.71,0.051,0.079067832,1.174693333,187.5418377,3.823644187,21.89753514,0.44077257,22.33830771,31.33401196,0.400001973,0.279560614,5.045048248,1,0,368,2
Clearview,12,Low,Low,2018,7,Summer,70-90,8.332,0,0.11577794,0.764377358,155.198475,4.235766935,3.696182539,1.232621515,4.928804054,31.7096975,3.106091153,-0.280391397,1.039361622,0,0,61,3
Marine Park 2,26,High,High,2019,10,Fall,10--30,6.612,0.426,0.10326087,1.13971073,340.7916475,5.092238908,4.571140539,0.274364296,4.845504835,32.01030691,0.027196951,-7.43E-05,8.086290708,1,1,352,2
Pelham Bay,34,High,Low,2018,7,Summer,10--30,3.822,0.053,0.154756037,1.256540237,326.1365335,4.158917772,10.00271334,3.36362557,13.36633891,32.38484723,-0.182623913,0.067828993,11.8698054,1,0,238,2
Clove Lakes 4,17,High,High,2018,8,Summer,10--30,11.988,0.008,0.135554714,0.660597665,281.953916,5.673193776,11.42403491,0.301648977,11.72568389,32.83381441,-0.05228598,-0.042202758,17.69344206,1,1,101,2
Conference House,14,High,Low,2018,8,Summer,0-10,9.686,0.063,0.188311688,0.351842999,700.5061933,21.91116289,30.55202519,1.194794787,31.74681998,32.92108508,0.127125845,0.181875626,615.386054,1,0,72,1
Canarsie,8,Low,Low,2019,10,Fall,0-10,25.379,0.607,0.154639175,0.964424044,751.1902851,7.406819012,1.326418218,0.27253448,1.598952698,33.03907216,0.448667063,0.20854774,75.89758097,0,0,277,1
Alley Pond,3,Low,High,2019,9,Summer,0-10,2.082,1.3,0.135275339,0.802214771,828.6777969,6.659970742,-0.25650404,0.633191086,0.376687047,33.5120735,0.130298386,-0.008146756,199.0029151,0,1,257,1
Canarsie,7,Low,Low,2019,10,Fall,0-10,11.144,0.362,0.16732354,1.048071284,771.5636568,9.910619245,1.27722495,0.820757165,2.097982114,33.65757862,0.309597247,0.280995903,54.67611635,0,0,273,1
Pelham Bay,36,High,High,2018,7,Summer,10--30,43.555,0.031,0.185977126,0.96081118,353.5251432,5.874094674,16.86850087,3.163925099,20.03242597,33.68158719,-0.333098345,-0.090044497,12.16616406,1,1,246,2
Canarsie,7,Low,Low,2019,10,Fall,0-10,17.093,1.395,0.172019195,1.172723666,949.2416636,12.76804648,-0.621378315,0.547110849,-0.074267467,34.3070898,0.220500522,0.183073353,41.72007699,0,0,275,1
Alley Pond,2,Low,Low,2018,7,Summer,0-10,6.145,0.103,0.106849315,0.424606181,352.1543879,4.805723538,3.664778038,-0.32546584,3.339312198,34.8882173,-0.158671324,-0.366702003,851.2575879,0,0,5,1
Pelham Bay,33,High,Low,2018,6,Summer,0-10,0.042,0.02,0.251387787,0.345293888,949.169267,11.14713815,10.04466888,-0.530326458,9.514342418,34.91664586,-1.210041212,-1.313099397,-5.908043986,1,0,233,1
Clove Lakes 2,16,High,Low,2019,10,Fall,0-10,4.289,0.258,0.218119528,0.870691005,681.6273976,13.49230387,3.579666926,0.277177008,3.856843934,35.09908423,0.412046702,0.271204159,55.58028945,1,0,311,1
Pelham Bay,33,High,Low,2019,10,Fall,10--30,1.495,0.607,0.123864019,0.968138596,329.8407148,4.364274663,8.747249708,4.380754731,13.12800444,36.3708326,0.756061987,0.39517595,16.72959572,1,0,380,2
Conference House,14,High,High,2019,10,Fall,0-10,11.069,0.131,0.16042618,0.9649923,532.7956186,8.225234032,6.760683697,0.078805252,6.839488949,36.49490063,0.586491602,0.5225611,37.30917222,1,1,301,1
Marine Park 1,21,High,High,2018,7,Summer,0-10,0.269,0.229,0.11837238,0.373614066,284.1712289,8.654325792,21.00007249,2.335677005,23.33574949,37.16438164,1.17832838,0.764126028,37.39205892,1,1,140,1
Pelham Bay,36,High,High,2018,7,Summer,0-10,1.343,0.093,0.272727273,0.903421189,655.5743071,15.82939573,19.4120909,3.789293999,23.2013849,38.6871059,-0.611327902,-0.337223535,335.9997178,1,1,247,1
Marine Park 2,27,High,Low,2018,7,Summer,0-10,1.277,0.062,0.134231537,0.464305202,811.3953557,15.0056787,11.84137793,0.558637328,12.40001525,38.71915171,1.738398512,1.526037012,200.2059445,1,0,192,1
Clove Lakes 2,16,High,High,2018,8,Summer,0-10,3.503,0.078,0.133302583,0.594183411,408.7494586,13.2139095,18.64681707,-0.16511066,18.48170641,40.33751212,0.973104132,0.912373207,36.29841085,1,1,90,1
Clove Lakes 2,16,High,High,2018,8,Summer,0-10,4.81,0.237,0.112968821,0.499004739,329.5315274,10.10853696,1.58419634,1.551973215,3.136169555,40.76023558,2.80379132,2.631553399,102.4229904,1,1,95,1
Pelham Bay,34,High,Low,2018,7,Summer,10--30,4.826,1.66,0.169204738,0.977163184,244.433228,4.699424651,19.10456114,10.95430571,30.05886685,42.48610938,0.208323637,0.441972496,231.2955498,1,0,240,2
Alley Pond,4,Low,High,2019,9,Summer,0-10,7.843,1.855,0.161490683,1.122789435,330.5775963,10.36767559,1.882248659,1.088139332,2.97038799,43.03573361,0.106259316,0.068498913,237.3619662,0,1,261,1
Marine Park 2,27,High,Low,2018,7,Summer,0-10,0.23,0.26,0.07680798,0.438526087,559.9868566,11.76094008,8.640168666,0.051351445,8.691520111,44.48913004,0.260269316,0.211052688,136.8445023,1,0,196,1
Conference House,14,High,High,2019,10,Fall,0-10,6.787,0.022,0.1996053,1.098585625,593.9664139,11.14172296,8.503262134,0.059321334,8.562583468,44.53004552,0.660161299,0.537498139,74.09665013,1,1,303,1
Marine Park 2,26,High,High,2018,7,Summer,0-10,0,0.204,0.108557457,0.417469551,809.7563997,17.67116445,14.09593279,0.276913027,14.37284582,44.60998489,-0.019676356,0.00131854,141.3880688,1,1,183,1
Pelham Bay,34,High,Low,2018,7,Summer,0-10,2.856,0.091,0.234131988,1.000846739,669.8672421,12.37909092,20.52748952,3.827941733,24.35543125,44.73985849,0.099112002,0.330710575,310.6225561,1,0,237,1
Marine Park 2,26,High,High,2018,7,Summer,0-10,0.453,0.36,0.093245968,0.493614616,699.8730014,9.88677532,8.53403937,0.207343071,8.741382441,46.17019146,0.648228952,0.639106555,204.7854385,1,1,187,1
Canarsie,6,Low,High,2019,10,Fall,0-10,23.525,0.232,0.154220315,0.931408521,838.0633232,10.54217197,6.099456979,0.962009128,7.061466107,46.59673445,0.459459056,0.38940158,134.2895161,0,1,271,1
Alley Pond,2,Low,Low,2019,9,Summer,0-10,10.973,0.342,0.156926057,0.826720412,1072.174075,8.404812616,1.092202349,1.095461166,2.187663515,47.00758428,0.374992163,0.318820724,290.9473258,0,0,255,1
Pelham Bay,35,High,High,2019,10,Fall,0-10,0.167,0.179,0.168742922,0.790612257,507.7878359,6.548502543,13.73634004,0.209680542,13.94602058,47.48541807,0.881212572,0.861860785,55.61819089,1,1,385,1
Marine Park 1,21,High,High,2019,10,Fall,0-10,4.153,1.445,0.130503145,0.935890068,453.8457943,4.852464566,12.88756253,1.290611636,14.17817417,48.44386793,0.406002957,0.287815132,130.8826958,1,1,331,1
Marine Park 1,23,High,Low,2019,10,Fall,0-10,0.639,0.576,0.08966725,1.039097707,444.9434725,5.95147127,4.837639985,13.58956422,18.42720421,48.74029466,0.20468093,0.167655972,8.000204449,1,0,337,1
Marine Park 2,25,High,High,2019,10,Fall,0-10,0.911,0.235,0.13145827,0.975198847,547.5915362,6.874867641,-0.616478329,0.01495956,-0.60151877,48.908538,0.163855733,-4.38E-05,104,1,1,345,1
Marine Park 2,26,High,High,2018,7,Summer,10--30,9.53,0.174,0.113149847,0.526570117,565.0295537,7.561709654,8.268096886,-0.013786572,8.254310315,50.45686135,0.760769208,0.752649765,164.5839506,1,1,188,2
Marine Park 3,30,High,Low,2018,7,Summer,10--30,8.341,1.355,0.107142857,0.853062409,370.8553268,13.69480962,25.66653523,-1.96358203,23.7029532,50.97494848,7.213719633,6.945840575,-286.0730728,1,0,219,2
Alley Pond,4,Low,High,2018,7,Summer,0-10,2.091,0.172,0.111767867,0.34680231,240.0491435,8.063904705,0.317964801,-0.373901802,-0.055937001,51.1323958,0.163891712,-0.039551384,1044.576959,0,1,15,1
Marine Park 1,23,High,Low,2019,10,Fall,0-10,0.071,0.377,0.113738019,0.878585799,702.6255017,4.405535883,3.838938578,1.297857171,5.136795749,51.62520105,0.29848898,0.17092248,51.97273682,1,0,339,1
Clove Lakes 4,17,High,High,2018,8,Summer,90-100,4.534,0,0.064142195,0.82287625,78.0911677,3.343092514,6.142769436,1.329684958,7.472454394,53.03874718,-0.759439307,-0.647812038,-0.355142025,1,1,104,3
Pelham Bay,36,High,High,2018,7,Summer,0-10,1.285,0.109,0.258329727,0.968549999,670.8430745,12.62067694,21.37842503,3.244321844,24.62274687,54.13284335,0.128366805,0.342179411,292.2203298,1,1,245,1
Alley Pond,1,Low,Low,2019,9,Summer,0-10,1.227,0.845,0.191137566,0.880361781,952.5787558,10.45165647,9.733152409,1.373474766,11.10662717,54.78944761,0.664032784,0.580743205,245.8781714,0,0,251,1
Clove Lakes 4,18,High,Low,2019,10,Fall,0-10,7.858,0.523,0.16925549,1.106299322,831.9290703,17.12311653,12.18306385,0.229509857,12.41257371,54.85576307,0.604530111,0.510862365,209.4432486,1,0,317,1
Marine Park 3,32,High,High,2018,7,Summer,10--30,29.746,0.587,0.112676056,1.134243838,205.7043189,4.990392103,92.24173868,3.637508845,95.87924752,55.41135571,-4.602545942,-4.142693944,-319.1850544,1,1,225,2
Fort Totten,19,High,High,2018,8,Summer,10--30,9.801,1.067,0.091994033,0.666902811,142.7479278,16.14427014,28.08111897,0.258642033,28.339761,55.45175495,1.169322388,1.167258914,42.63295347,1,1,123,2
Canarsie,5,Low,High,2018,6,Summer,30-70,8.625,0,0.054029304,0.935647089,210.1996894,7.517708692,-3.261152282,1.035817539,-2.225334743,55.60533019,0.037541126,-0.124637497,10.58830315,0,1,19,3
Marine Park 3,29,High,High,2018,7,Summer,10--30,5.591,0.648,0.170922355,0.363139012,237.6167703,7.319919158,30.97369614,-1.600459374,29.37323677,56.3086257,1.938139519,1.648891862,21.32631238,1,1,210,2
Clove Lakes 4,17,High,High,2019,10,Fall,0-10,18.798,1.446,0.199697428,0.96186083,982.0476799,15.33424301,7.447164059,0.445795796,7.892959855,56.35177419,0.725954844,0.656785359,75.69522322,1,1,315,1
Pelham Bay,36,High,High,2019,10,Fall,0-10,0.553,0.25,0.22972973,0.097247562,593.577313,10.0035775,29.66203862,1.99984089,31.6618795,58.37203601,1.223768159,1.303108518,160.3429683,1,1,389,1
Marine Park 2,27,High,Low,2019,10,Fall,0-10,0.23,0.015,0.165915916,0.892401844,799.4878928,10.15977228,5.958684773,0.967249359,6.925934132,58.49989727,0.002710404,-6.10E-04,126.202833,1,0,353,1
Conference House,13,High,Low,2019,10,Fall,0-10,10.306,0.721,0.265306122,0.898488268,705.2420757,13.29934225,10.09144048,0.254593846,10.34603432,58.59069782,0.491739217,0.394817644,153.9044254,1,0,299,1
Pelham Bay,33,High,Low,2019,10,Fall,0-10,0.713,0.574,0.16917173,0.795420534,760.7755662,8.404683401,6.185104799,0.465430551,6.650535351,59.73101007,0.633774215,0.526816842,114.1871209,1,0,379,1
Canarsie,6,Low,High,2019,10,Fall,0-10,9.937,1.132,0.186950642,1.036762024,1197.115758,13.17265193,5.045845627,0.800231364,5.846076991,60.84641975,0.573634468,0.497345323,235.759219,0,1,269,1
Clove Lakes 2,16,High,Low,2019,10,Fall,0-10,6.032,0.049,0.218450185,0.903927922,913.8810777,14.32583741,9.30409554,-0.006362314,9.297733226,60.95625062,0.485806442,0.359513235,121.2238286,1,0,309,1
Clearview,10,Low,High,2018,7,Summer,0-10,3.365,0.293,0.13370333,0.397436219,638.1192178,12.52739461,21.7380612,0.845540666,22.58360186,61.28716892,0.283363778,0.204559119,271.9321464,0,1,40,1
Alley Pond,1,Low,Low,2019,9,Summer,0-10,5.87,0.128,0.166777852,1.014573294,900.3680764,12.2584241,16.18633829,1.263343322,17.44968161,62.00810985,1.031573081,0.853364054,253.7427075,0,0,249,1
Marine Park 1,22,High,High,2019,10,Fall,0-10,0.322,0.264,0.159486709,0.881930181,762.9183197,9.808969852,9.039937786,0.58713839,9.627076176,62.8904802,0.519683557,0.542348876,176.7107943,1,1,333,1
Alley Pond,3,Low,High,2019,9,Summer,0-10,5.514,0.603,0.175820257,0.740532506,487.7567173,11.45476744,1.279289138,1.476808054,2.756097192,63.13418133,0.322750953,0.281628013,285.1208594,0,1,259,1
Conference House,13,High,High,2018,8,Summer,0-10,0,0,0.098005204,0.767439181,790.0289428,18.19033438,0.253894165,1.588825546,1.842719711,63.56317523,6.466120339,2.322746061,297.6525339,1,1,62,1
Marine Park 1,22,High,High,2018,7,Summer,0-10,0.202,0.06,0.134236453,0.456280857,505.0353229,13.78738086,100.7805532,0.687048779,101.4676019,64.26516738,-7.091913325,-7.11129133,100.2735787,1,1,145,1
Marine Park 2,27,High,Low,2019,10,Fall,10--30,3.877,0.587,0.180223285,1.246095115,398.5698526,10.950431,15.87757399,0.391330912,16.2689049,65.02884135,0.069319318,8.61E-04,92.65189795,1,0,356,2
Clove Lakes 4,18,High,Low,2018,8,Summer,0-10,1.962,0.097,0.170943889,0.425778872,601.8208644,12.90489303,34.10776743,1.360995369,35.4687628,67.41401677,-0.009294571,0.030344881,119.177315,1,0,115,1
Marine Park 2,28,High,Low,2018,7,Summer,0-10,0,0.729,0.131663113,0.341366154,898.8631974,13.32433133,25.1805685,1.857189414,27.03775792,68.28141984,-2.572935342,-2.403400959,240.8737205,1,0,200,1
Pelham Bay,34,High,Low,2018,7,Summer,0-10,25.441,0.37,0.23714131,1.040795916,709.4681832,9.403793444,15.88250354,3.449818109,19.33232165,68.33809541,1.41992383,1.403718755,12.3626066,1,0,239,1
Conference House,13,High,High,2018,8,Summer,0-10,1.43,0.667,0.105447276,0.364665247,124.894862,12.24818962,70.70286821,1.96769983,72.67056804,68.47414252,-4.997663427,-4.936326627,243.1779153,1,1,67,1
Marine Park 2,26,High,High,2019,10,Fall,10--30,2.207,0.794,0.119959677,1.042461058,438.9662385,7.882484516,14.59660791,16.86523427,31.46184218,68.75982322,-0.249601184,-1.42E-04,32.63960587,1,1,350,2
Marine Park 1,22,High,High,2018,7,Summer,0-10,0.016,0.061,0.138030888,0.428074698,295.1443618,11.93333414,26.10554761,1.197567045,27.30311466,68.82900183,0.817237363,0.763995454,275.8943849,1,1,150,1
Conference House,13,High,Low,2019,10,Fall,0-10,5.412,0.477,0.251370399,0.923539681,1004.386469,16.89220968,17.75376621,0.219750081,17.9735163,70.2050118,0.194957286,0.046515613,223.4635279,1,0,297,1
Clove Lakes 4,17,High,High,2018,8,Summer,10--30,8.943,0,0.156107805,0.616172025,240.9508173,5.227143826,15.23945607,0.074887754,15.31434382,70.43747719,-0.5413372,-0.556746864,16.09011105,1,1,106,2
Pelham Bay,36,High,High,2019,10,Fall,0-10,0.309,0.239,0.22688478,0.985496721,907.8208541,10.85587125,13.93200309,0.405591067,14.33759416,72.13839418,0.728928557,0.718667459,107.9334767,1,1,391,1
Marine Park 2,28,High,Low,2019,10,Fall,0-10,1.331,0.816,0.171085189,0.921576011,978.617675,16.60745045,10.51782866,0.345763633,10.86359229,73.07926784,0.08636752,3.36E-05,203.4122115,1,0,357,1
Canarsie,5,Low,High,2019,10,Fall,0-10,13.26,0.412,0.196206897,0.914045493,1204.329067,12.84364473,9.340752156,1.220487013,10.56123917,77.29577055,0.397499694,0.332852187,153.6201609,0,1,265,1
Fort Totten,19,High,High,2019,10,Fall,0-10,6.117,1.135,0.164348925,0.967296825,814.907346,10.53126894,22.17763042,0.833690983,23.0113214,78.47403887,1.014211847,0.972471162,240.1442621,1,1,323,1
Marine Park 1,21,High,High,2019,10,Fall,0-10,0.034,0.097,0.174549166,0.854932217,997.7954531,8.592244853,10.77626419,1.054588386,11.83085258,78.84532617,0.478970563,0.454656846,227.7723739,1,1,329,1
Pelham Bay,35,High,High,2018,7,Summer,0-10,2.079,0.023,0.173503065,0.633735005,749.459728,8.557108668,18.23315203,3.04388095,21.27703298,79.0407724,0.998598378,1.175897795,-150.7060693,1,1,243,1
Marine Park 3,30,High,Low,2019,10,Fall,10--30,16.286,0.707,0.142014017,0.799710605,457.2205141,9.583774254,54.57946882,6.90206174,61.48153057,80.65795082,0.924274406,0.951869591,43.56583794,1,0,366,2
Conference House,14,High,Low,2018,8,Summer,0-10,2.195,0.126,0.197275204,0.326002734,1002.971975,14.07673065,-0.188817107,-0.102727757,-0.291544864,81.28918693,3.162035148,3.108796203,819.6942596,1,0,75,1
Clove Lakes 2,15,High,High,2019,10,Fall,0-10,8.42,0.17,0.298312883,0.750878142,1077.772717,21.93167378,23.46568707,0.385940766,23.85162784,83.9932955,0.921911659,0.899704272,60.06582889,1,1,307,1
Marine Park 1,24,High,Low,2019,10,Fall,0-10,0.315,3.319,0.174587459,0.688352541,1186.497845,14.87268687,13.24256897,1.957156007,15.19972498,84.58653184,0.959317212,0.940599913,149.1288076,1,0,343,1
Pelham Bay,34,High,Low,2019,10,Fall,0-10,2.046,0.165,0.124757595,1.035148703,1020.029663,13.8976089,13.31799074,0.322950397,13.64094114,85.41695704,0.926838789,0.840773575,203.9724897,1,0,381,1
Clove Lakes 4,17,High,High,2018,8,Summer,0-10,3.83,0.246,0.228009828,0.457008805,1088.191785,16.14058712,23.77112181,0.896326721,24.66744853,88.65727304,0.774334752,0.737609115,708.8065801,1,1,100,1
Clove Lakes 4,17,High,High,2018,8,Summer,0-10,0.664,0.196,0.227234043,0.389821833,1384.19614,19.56551284,23.36090873,1.333419605,24.69432833,89.37553129,0.536912662,0.481733814,858.1649607,1,1,105,1
Clove Lakes 2,15,High,Low,2018,8,Summer,0-10,1.542,0.299,0.203693341,0.486238228,855.4904104,14.22036635,47.33376448,3.398192489,50.73195697,97.52761493,-0.262254714,-0.010107686,518.6414915,1,0,80,1
Canarsie,6,Low,High,2018,6,Summer,10--30,30.98,0,0.08773842,0.66284869,144.6433952,7.301652662,2.852011551,-0.507637304,2.344374247,100.3377571,0.00292201,-0.190412814,-5.14939447,0,1,26,2
Marine Park 2,27,High,Low,2019,10,Fall,0-10,2.442,0.081,0.217700514,0.757582721,1119.930512,21.54927702,17.33916336,1.030637131,18.36980049,100.5361792,0.026464673,0.00115093,335.646715,1,0,355,1
Marine Park 3,30,High,Low,2018,7,Summer,10--30,0,5.675,0.227766798,0.299657044,1363.478371,16.22053709,53.29170937,-1.729631613,51.56207776,102.4576603,2.767327343,2.592885635,-10.54007634,1,0,217,2
Clove Lakes 4,18,High,Low,2018,8,Summer,0-10,0.429,0.364,0.216343883,0.397561183,1401.664102,20.83396916,30.60353301,1.754098199,32.35763121,105.0675829,0.838640997,0.750890494,789.7542374,1,0,110,1
Fort Totten,19,High,High,2018,8,Summer,0-10,1.128,0.246,0.193976519,0.47120316,479.842269,41.60114168,35.35037098,1.61078013,36.96115111,107.1346653,0.265520219,0.299292573,312.7231102,1,1,120,1
Pelham Bay,33,High,Low,2019,10,Fall,0-10,9.926,0.101,0.236337315,0.933283514,1101.747246,12.31061253,17.15348763,1.002619694,18.15610732,110.3860906,0.887412505,0.675526232,40.67676038,1,0,377,1
Clove Lakes 2,15,High,High,2019,10,Fall,0-10,6.969,0.532,0.392663043,0.572812728,1556.828116,43.64777653,32.37543707,0.451928353,32.82736543,110.817279,1.728405466,1.684142852,65.59938225,1,1,305,1
Marine Park 3,32,High,High,2018,7,Summer,10--30,0,3.88,0.238670695,0.712440088,552.7363081,9.278231719,55.51633353,-1.224788367,54.29154516,111.3986049,3.367948033,3.317713862,50.87391877,1,1,227,2
Fort Totten,20,High,Low,2019,10,Fall,0-10,4.611,1.025,0.171639397,0.784272549,1400.385478,15.30282691,18.51642415,1.728134284,20.24455843,111.7326106,1.276014951,1.127412738,216.9053976,1,0,327,1
Fort Totten,20,High,Low,2018,8,Summer,0-10,0.51,0.011,0.28030303,0.37989463,615.6247434,63.98908842,49.04036234,0.892386295,49.93274864,117.5599793,1.053315643,1.015777126,410.3947431,1,0,126,1
Marine Park 3,29,High,High,2019,10,Fall,10--30,0.572,0.084,0.137247278,0.836957963,431.9933779,10.86559262,58.98190757,22.23682979,81.21873735,119.806955,2.174290232,3.238101783,45.568917,1,1,362,2
Marine Park 3,31,High,Low,2018,7,Summer,10--30,17.829,2.965,0.413928396,0.502400129,1873.504521,29.43089381,87.5224453,0.069005275,87.59145057,122.7774029,-1.035172541,-0.820857179,79.15943643,1,0,221,2
Fort Totten,19,High,High,2019,10,Fall,0-10,3.177,0.04,0.177313433,0.773410956,1189.688612,11.39806261,34.55519098,1.368855737,35.92404672,124.9313589,0.793590993,0.841916605,353.5176564,1,1,321,1
Fort Totten,19,High,High,2018,8,Summer,0-10,1.17,0.084,0.25394236,0.347969513,613.296217,80.59839566,49.45003404,2.817654487,52.26768852,125.3695325,0.709154663,0.785289551,1137.826167,1,1,122,1
Pelham Bay,35,High,High,2018,7,Summer,0-10,0.563,0.037,0.205690299,0.610790538,990.6306382,13.2799018,30.05406471,3.376762695,33.4308274,131.2701948,-0.334350398,-0.179221652,1047.631442,1,1,241,1
Marine Park 3,32,High,High,2019,10,Fall,10--30,1.312,0.121,0.104075051,0.958331954,374.1372938,6.205211389,23.93797781,6.495357442,30.43333526,132.4420362,1.330239899,0.886125089,23.50873857,1,1,374,2
Marine Park 3,31,High,Low,2019,10,Fall,10--30,0.131,0.149,0.290022338,0.602322775,935.0480727,13.63233811,122.034338,1.447997409,123.4823354,172.6847409,2.490571553,2.373646735,91.02152422,1,0,370,2
Fort Totten,20,High,Low,2018,8,Summer,0-10,0.744,0.048,0.34923339,0.260057016,907.1022601,123.8525082,63.30895682,2.137411374,65.4463682,176.1203899,0.555787731,0.664602367,762.7795332,1,0,131,1
Marine Park 3,31,High,Low,2018,7,Summer,10--30,0,3.951,0.606757391,0.19259786,2337.021767,70.29504831,175.2211642,1.847822211,177.0689864,236.9341086,-0.125183838,-0.038897381,28.10716133,1,0,223,2
Marine Park 3,31,High,Low,2018,7,Summer,0-10,0,2.781,0.701117318,0.097385522,4003.95363,67.72919502,148.5459309,2.69582863,151.2417595,327.2682696,-0.525739715,-0.613824723,256.0574299,1,0,222,1
Marine Park 3,32,High,High,2018,7,Summer,0-10,1.061,1.98,0.530799476,0.223625323,4063.034709,77.31103115,144.892353,-2.422020695,142.4703323,331.5771328,6.355064228,5.291848625,4259.848902,1,1,224,1
Marine Park 3,30,High,Low,2018,7,Summer,0-10,0,4.452,0.608009024,0.145194857,4074.506654,61.46076246,113.2752021,4.081286102,117.3564882,334.9354501,-1.057133673,-1.445199709,2207.218972,1,0,218,1
Marine Park 3,32,High,High,2018,7,Summer,0-10,0,2.961,0.616720257,0.136421713,4415.179732,63.02439275,161.7064452,3.452536548,165.1589818,347.8005459,-3.904816304,-4.097544314,1959.793093,1,1,226,1
Marine Park 3,31,High,Low,2018,7,Summer,0-10,0,1.511,0.703213611,0.097770328,4757.03459,61.1214388,216.297906,2.853912379,219.1518184,412.3494934,4.58E-04,-0.144910377,2023.884451,1,0,220,1
Marine Park 3,30,High,Low,2018,7,Summer,0-10,0,4.297,0.689147762,0.11621118,7945.901286,90.42180052,144.1862468,7.8719858,152.0582326,467.8466032,-0.027130067,-0.687184762,3283.786851,1,0,216,1
Marine Park 3,31,High,Low,2019,10,Fall,0-10,0.514,0.006,0.665964173,0.172594878,4858.667182,64.80641166,342.4488374,9.856376294,352.3052137,587.3432341,1.859122159,2.035912586,382.5445122,1,0,369,1
