"","...1","Site","Plot","Success","Diversity","Year","Month","Season","CoreSection_cm","TotalSoilWeight_g","RockVolume_cm3","RockMass_g","RootMass_g","WetSoilWeight_g","DrySoilWeight_g","Moisture_g","SectionLength_cm","BulkDensity_g_cm3","BiomassC","Respiration","NO2_NO3","NH4","TIN","BiomassN","Mineralization","Nitrification","DEA","TotalSoilN_percent","TotalSoilN","TotalSoilC_percent","TotalSoilC","success","diversity","Obs"
"1",2,"Alley Pond",1,"Low","Low",2018,7,"Summer","10--30",34.2,1.5,8.321,0.008,0.696,0.674,0.031609195,5.6,0.540261382,142.1988601,4.154247628,5.388554088,-0.418913073,4.969641015,-3.184694582,0.087399603,0.064755602,8.857748479,0.0865,0.000865,2.8335,0.028335,0,0,2
"2",4,"Alley Pond",1,"Low","Low",2018,7,"Summer","10--30",99.37,5.5,14.861,0.009,0.749,0.712,0.049399199,16.8,0.581576356,129.4867025,5.706112462,0.098955401,-0.430154217,-0.331198816,0.773407455,0.084898427,0.012279334,-1.560945878,0.041,0.00041,0.5,0.005,0,0,4
"3",6,"Alley Pond",2,"Low","Low",2018,7,"Summer","10--30",15.76,1.5,3.451,0,1.413,1.311,0.072186837,2.5,0.574711541,268.4337198,7.801523609,0.349279344,-0.634084847,-0.284805503,4.455390336,0.198708808,-0.054986665,NA,0.1395,0.001395,2.893,0.02893,0,0,6
"4",8,"Alley Pond",2,"Low","Low",2018,7,"Summer","10--30",40.92,5,10.211,0.001,1.168,1.111,0.04880137,7.5,0.49411265,177.9675913,5.253587214,8.358606022,NA,NA,44.82958368,NA,0.410989179,13.35735059,0.0905,0.000905,2.1565,0.021565,0,0,8
"5",10,"Alley Pond",3,"Low","High",2018,7,"Summer","10--30",44.58,4,9.824,0.018,1.031,0.982,0.047526673,8.4,0.487946797,131.3431916,8.546977912,8.694294481,-0.420758032,8.273536449,9.014808678,0.595668373,0.423386952,-7.500278781,0.14,0.0014,3.2685,0.032685,0,1,10
"6",12,"Alley Pond",3,"Low","High",2018,7,"Summer","10--30",64.2,2.5,6.292,0.031,1.646,1.582,0.038882139,10.2,0.656777975,175.7721231,5.77774009,14.80959985,-0.222567951,14.5870319,29.4097359,1.840374251,0.215757008,5.140660669,0.0635,0.000635,2.1625,0.021625,0,1,12
"7",14,"Alley Pond",4,"Low","High",2018,7,"Summer","10--30",33.27,4,8.98,0.001,1.82,1.705,0.063186813,5.5,0.528952538,139.9185684,8.125586247,2.498805975,12.82666354,15.32546951,6.829482885,-1.153428865,0.029099425,33.49747327,0.13,0.0013,2.591,0.02591,0,1,14
"8",16,"Alley Pond",4,"Low","High",2018,7,"Summer","10--30",89.06,7,15.953,0.095,1.868,1.802,0.035331906,14.8,0.589293299,87.89066952,2.926210281,3.499456428,0.131362218,3.630818646,21.84758588,1.46018165,-0.35393561,1.526309699,0.0575,0.000575,1.374,0.01374,0,1,16
"9",18,"Canarsie",5,"Low","High",2018,6,"Summer","10--30",145.18,26,29.15,0.003,2.096,1.906,0.090648855,20,0.727785762,109.0397282,8.015506336,-3.041135661,1.51768246,-1.523453201,-1.865892302,-0.233674421,-0.151519439,-2.950688744,0.035,0.00035,1.461,0.01461,0,1,18
"10",21,"Canarsie",5,"Low","High",2018,6,"Summer","10--30",149.25,14,29.811,0,2.365,2.143,0.093868922,20,0.689465003,124.432108,8.567744004,5.823472728,0.700422614,6.523895342,4.144033427,-0.208195779,-0.311389013,-3.892749208,0.0765,0.000765,1.792,0.01792,0,1,21
"11",24,"Canarsie",6,"Low","High",2018,6,"Summer","10--30",110.43,8,17.438,0,1.672,1.532,0.083732057,14.7,0.724136118,135.0953956,7.489296134,2.420635417,0.698358101,3.118993518,14.23943711,-0.142654062,-0.233446342,-4.637810225,0.038,0.00038,1.182,0.01182,0,1,24
"12",26,"Canarsie",6,"Low","High",2018,6,"Summer","10--30",117.8,19,30.98,0,1.835,1.674,0.08773842,16.2,0.66284869,144.6433952,7.301652662,2.852011551,-0.507637304,2.344374247,100.3377571,0.00292201,-0.190412814,-5.14939447,0.0445,0.000445,1.499,0.01499,0,1,26
"13",28,"Canarsie",7,"Low","Low",2018,6,"Summer","10--30",142.641,12,20.691,0,2.425,2.198,0.093608247,20,0.695303443,155.5449979,6.746520591,0.855333146,-0.139197705,0.716135441,-4.793500471,0.219101504,-0.035458007,-0.575121556,0.0515,0.000515,0.9525,0.009525,0,0,28
"14",31,"Canarsie",7,"Low","Low",2018,6,"Summer","10--30",128.316,8,14.705,0,1.953,1.802,0.077316948,18.1,0.714417914,129.7251225,6.847259519,-5.9671545,-0.146936778,-6.114091277,18.78771245,0.155679589,0.023308561,-2.328230951,0.036,0.00036,0.7865,0.007865,0,0,31
"15",33,"Canarsie",8,"Low","Low",2018,6,"Summer","10--30",40.131,5,9.044,0,1.007,0.95,0.056603774,14,0.255729658,300.2239557,20.66165206,-3.389235425,-0.457092937,-3.846328361,24.17419455,0.47351131,-0.19428219,2.159658741,0.048,0.00048,0.948,0.00948,0,0,33
"16",35,"Canarsie",8,"Low","Low",2018,6,"Summer","10--30",84.487,9.5,18.724,0,0.977,0.902,0.076765609,11.4,0.690295406,206.4267296,8.794047127,-1.161587481,-1.088300668,-2.24988815,-6.532711016,0.350804151,0.040874029,-4.173271238,0.0525,0.000525,1.454,0.01454,0,0,35
"17",37,"Clearview",9,"Low","Low",2018,7,"Summer","10--30",137.905,5,11.584,0,1.985,1.865,0.060453401,20,0.715082971,137.8792527,4.440732261,2.424216703,1.352292001,3.776508704,3.559982177,-0.00800089,0.00464192,4.172694192,0.031,0.00031,0.4375,0.004375,0,0,37
"18",41,"Clearview",10,"Low","High",2018,7,"Summer","10--30",136.777,7,14.26,0,1.986,1.897,0.044813696,20,0.713694086,206.5684328,3.472864432,1.61267966,0.620142765,2.232822426,4.989811863,0.19116722,0.173622865,3.997965969,0.0255,0.000255,0.3175,0.003175,0,1,41
"19",45,"Clearview",10,"Low","High",2018,7,"Summer","10--30",115.936,2,4.937,0,1.957,1.825,0.067450179,20,0.612595489,203.4162171,3.784085538,2.795247271,0.111422329,2.9066696,2.654660315,-0.183767815,-0.209820264,6.635276431,0.0585,0.000585,0.651,0.00651,0,1,45
"20",49,"Clearview",11,"Low","High",2018,7,"Summer","10--30",106.098,5,6.728,0,2.008,1.903,0.052290837,17,0.671102682,96.09186705,3.698597131,3.262314367,0.804204545,4.066518912,1.327893284,-0.249458555,-0.236483285,5.281327784,0.029,0.00029,0.3465,0.003465,0,1,49
"21",51,"Clearview",11,"Low","High",2018,7,"Summer","10--30",144.337,6.5,12.962,0,1.994,1.884,0.055165496,20,0.754699148,102.2279419,3.915604949,1.670412686,0.472309341,2.142722027,1.806882999,-0.014653177,-0.019309389,1.029500478,0.0355,0.000355,0.482,0.00482,0,1,51
"22",55,"Clearview",12,"Low","Low",2018,7,"Summer","10--30",133.745,2.5,4.907,0,2.022,1.898,0.06132542,20,0.717841764,122.141673,3.837662271,15.53853888,3.698322229,19.23686111,20.46832747,0.165220848,0.152411416,3.312271383,0.0305,0.000305,0.283,0.00283,0,0,55
"23",59,"Clearview",12,"Low","Low",2018,7,"Summer","10--30",132.948,4.5,8.497,0,1.644,1.523,0.073600973,20,0.692552458,138.4012864,3.483163717,2.459536202,0.462317663,2.921853865,2.540017432,0.032509203,-0.099616836,3.121397477,0.034,0.00034,0.42,0.0042,0,0,59
"24",63,"Conference House",13,"High","High",2018,8,"Summer","10--30",146.911,NA,0,0,2.159,1.937,0.102825382,20,0.770910145,85.34781096,4.214095266,0.124568713,1.282738415,1.407307128,2.527506368,0.482481057,0.594778347,1.509211441,0.028,0.00028,0.157,0.00157,1,1,63
"25",68,"Conference House",13,"High","High",2018,8,"Summer","10--30",119.331,5,9.268,0,2.354,2.223,0.055649958,20,0.628506459,108.6918339,3.257778198,5.598555733,0.118400869,5.716956602,5.074698384,-0.3315106,-0.338450718,1.303175573,0.0745,0.000745,1.5335,0.015335,1,1,68
"26",73,"Conference House",14,"High","Low",2018,8,"Summer","10--30",134.406,8,16.008,0.007,2.066,1.785,0.136011617,20,0.62764046,296.5982114,4.766747171,8.132343548,0.176088016,8.308431564,18.79163571,0.189081145,0.117731351,19.17924865,0.102,0.00102,1.957,0.01957,1,0,73
"27",76,"Conference House",14,"High","Low",2018,8,"Summer","10--30",112.308,5,8.455,0.145,2.021,1.755,0.131618011,20,0.542607287,314.1836103,5.675138802,6.161486149,NA,NA,17.97120097,NA,0.278178136,52.92522072,0.1355,0.001355,2.482,0.02482,1,0,76
"28",81,"Clove Lakes 2",15,"High","Low",2018,8,"Summer","10--30",135.061,0.4,0.996,0.012,3.674,3.211,0.126020686,20,0.6868587,271.6017547,6.362384901,4.666516027,2.233469987,6.899986015,8.83750398,-0.033891053,0.168096807,385.0665178,0.0705,0.000705,0.884,0.00884,1,0,81
"29",86,"Clove Lakes 2",15,"High","Low",2018,8,"Summer","10--30",136.897,3.5,7.214,0,2.127,2.012,0.054066761,20,0.732484999,202.6986078,5.793802802,4.220635361,0.541674888,4.762310249,5.849047862,0.086163872,0.107639782,4.310496552,0.0875,0.000875,1.2365,0.012365,1,0,86
"30",91,"Clove Lakes 2",16,"High","High",2018,8,"Summer","10--30",130.501,3.5,5.463,0.025,2.394,2.065,0.137426901,20,0.643882004,150.5765437,4.705587539,4.455964614,0.257326247,4.713290861,12.23525488,0.138440399,0.129028095,1.944102584,0.127,0.00127,2.142,0.02142,1,1,91
"31",96,"Clove Lakes 2",16,"High","High",2018,8,"Summer","10--30",115.215,20,37.09,0.166,2.046,1.854,0.093841642,20,0.467919425,168.0670658,4.379043877,1.955082641,0.492857835,2.447940476,5.805533499,0.045234443,0.067381971,0.313169158,0.115,0.00115,1.6435,0.016435,1,1,96
"32",101,"Clove Lakes 4",17,"High","High",2018,8,"Summer","10--30",137.302,7,11.988,0.008,2.641,2.283,0.135554714,20,0.660597665,281.953916,5.673193776,11.42403491,0.301648977,11.72568389,32.83381441,-0.05228598,-0.042202758,17.69344206,0.1075,0.001075,1.664,0.01664,1,1,101
"33",106,"Clove Lakes 4",17,"High","High",2018,8,"Summer","10--30",130.129,5,8.943,0,2.857,2.411,0.156107805,20,0.616172025,240.9508173,5.227143826,15.23945607,0.074887754,15.31434382,70.43747719,-0.5413372,-0.556746864,16.09011105,0.0965,0.000965,1.4975,0.014975,1,1,106
"34",111,"Clove Lakes 4",18,"High","Low",2018,8,"Summer","10--30",116.246,5,9.313,0.418,2.108,1.795,0.148481973,20,0.54680052,281.0420686,7.892951784,7.034562422,0.26313223,7.297694652,22.536876,0.129237036,0.056838191,32.06271496,0.1455,0.001455,2.27,0.0227,1,0,111
"35",116,"Clove Lakes 4",18,"High","Low",2018,8,"Summer","10--30",121.248,4.5,8.447,0.016,2.929,2.586,0.117104814,20,0.598159062,142.1753243,5.575862958,4.301335583,0.321009094,4.622344678,10.81182418,0.111989985,0.107824117,2.022946272,0.1165,0.001165,1.836,0.01836,1,0,116
"36",121,"Fort Totten",19,"High","High",2018,8,"Summer","10--30",96.834,3,4.924,0.04,2.125,1.925,0.094117647,14,0.71325529,136.0762475,8.754386418,10.07106495,0.614699531,10.68576448,18.56993217,0.131133844,0.177566584,4.201638328,0.0505,0.000505,0.8855,0.008855,1,1,121
"37",123,"Fort Totten",19,"High","High",2018,8,"Summer","10--30",132.256,5.5,9.801,1.067,2.011,1.826,0.091994033,20,0.666902811,142.7479278,16.14427014,28.08111897,0.258642033,28.339761,55.45175495,1.169322388,1.167258914,42.63295347,0.082,0.00082,1.315,0.01315,1,1,123
"38",127,"Fort Totten",20,"High","Low",2018,8,"Summer","10--30",137.243,3.5,5.357,0.015,2.383,2.093,0.121695342,20,0.691591561,219.8793722,14.72910569,6.167303392,0.19643356,6.363736952,10.04967958,1.145168064,1.137697185,9.105570043,0.1,0.001,1.616,0.01616,1,0,127
"39",132,"Fort Totten",20,"High","Low",2018,8,"Summer","10--30",139.551,8.5,15.48,0,2.592,2.274,0.122685185,20,0.669953324,259.8410886,24.14299994,4.830954828,0.480350034,5.311304862,5.952884253,0.873884155,0.890084877,1.196976484,0.063,0.00063,1.2945,0.012945,1,0,132
"40",136,"Marine Park 1",21,"High","High",2018,7,"Summer","10--30",122.52,4,8.078,0.051,1.528,1.417,0.072643979,20,0.635319379,189.3810429,5.969645212,4.334265134,0.894816621,5.229081756,6.551793528,0.160227677,0.101221037,0.936949162,0.133,0.00133,2.788,0.02788,1,1,136
"41",141,"Marine Park 1",21,"High","High",2018,7,"Summer","10--30",124.784,14,30.813,0.021,2.368,2.21,0.066722973,20,0.558576167,152.5538615,3.451268359,3.565972079,0.229575939,3.795548018,5.089552954,0.163729507,0.087783791,0.233989311,0.1375,0.001375,4.1715,0.041715,1,1,141
"42",146,"Marine Park 1",22,"High","High",2018,7,"Summer","10--30",113.307,3,7.493,0.432,1.363,1.238,0.091709464,20,0.569838446,206.6893649,4.081371823,4.375430936,0.433738453,4.809169389,8.087138994,0.203485842,0.157142154,3.005045982,0.1385,0.001385,2.69,0.0269,1,1,146
"43",151,"Marine Park 1",22,"High","High",2018,7,"Summer","10--30",115.028,2,3.199,0.096,1.943,1.845,0.050437468,20,0.627895998,95.9719036,3.380571381,2.699049148,0.574945264,3.273994412,3.480412677,0.106484534,0.025406053,0.201761377,0.103,0.00103,1.661,0.01661,1,1,151
"44",156,"Marine Park 1",23,"High","Low",2018,7,"Summer","10--30",128.642,2,3.105,0.021,2.431,2.253,0.073220897,20,0.68842718,67.333975,3.504593686,2.30016409,0.34353187,2.64369596,2.715521093,0.291467232,0.138583532,NA,0.0765,0.000765,1.2805,0.012805,1,0,156
"45",161,"Marine Park 1",23,"High","Low",2018,7,"Summer","10--30",118.938,1,1.351,0.006,2.04,1.92,0.058823529,20,0.651070879,65.93213512,3.836260349,1.090597824,0.453577544,1.544175369,1.954477204,0.124576874,0.099506158,NA,0.066,0.00066,1.034,0.01034,1,0,161
"46",166,"Marine Park 1",24,"High","Low",2018,7,"Summer","10--30",123.882,4,9.411,0.031,1.681,1.583,0.058298632,20,0.645423539,89.34278989,4.996906286,2.886620145,0.726667417,3.613287562,5.090556556,0.03321449,0.065347444,NA,0.109,0.00109,2.1245,0.021245,1,0,166
"47",171,"Marine Park 1",24,"High","Low",2018,7,"Summer","10--30",113.813,4,4.895,0.023,1.876,1.728,0.078891258,20,0.600720694,120.439615,4.58426133,1.671655838,0.533284734,2.204940572,3.848417361,0.183171938,0.194342685,NA,0.118,0.00118,2.462,0.02462,1,0,171
"48",176,"Marine Park 2",25,"High","High",2018,7,"Summer","10--30",124.909,7.5,17.062,0.008,3.239,3.044,0.060203767,20,0.620339261,117.8391987,4.816582944,0.606304221,-0.288932831,0.31737139,0.478109207,0.880795722,0.769479442,1.002724705,0.1185,0.001185,2.8015,0.028015,1,1,176
"49",179,"Marine Park 2",25,"High","High",2018,7,"Summer","10--30",123.092,2.5,3.746,0.021,2.851,2.749,0.03577692,20,0.684152147,83.73897107,6.418618449,8.284633246,-0.381182528,7.903450717,0.755098285,-0.063358145,-0.132498731,1.481238827,0.0995,0.000995,1.8585,0.018585,1,1,179
"50",184,"Marine Park 2",26,"High","High",2018,7,"Summer","10--30",118.091,3.5,7.019,0.138,2.154,1.982,0.079851439,20,0.609505774,279.7985006,7.112434658,8.755087654,0.125796841,8.880884495,14.03285618,0.203590855,0.221434142,23.58344791,0.1365,0.001365,2.147,0.02147,1,1,184
"51",188,"Marine Park 2",26,"High","High",2018,7,"Summer","10--30",108.251,5,9.53,0.174,2.289,2.03,0.113149847,20,0.526570117,565.0295537,7.561709654,8.268096886,-0.013786572,8.254310315,50.45686135,0.760769208,0.752649765,164.5839506,0.2625,0.002625,4.2155,0.042155,1,1,188
"52",193,"Marine Park 2",27,"High","Low",2018,7,"Summer","10--30",124.174,7.5,17.591,0.824,2.438,2.159,0.114438064,20,0.572915067,365.8150109,4.877628866,9.661395427,-0.122471087,9.53892434,13.89229028,-0.060258599,-0.101902906,15.81937648,0.183,0.00183,3.781,0.03781,1,0,193
"53",197,"Marine Park 2",27,"High","Low",2018,7,"Summer","10--30",127.517,8,18.284,0.049,2.269,2.123,0.064345527,20,0.626843085,215.6938629,4.558135451,5.344747859,-0.264870385,5.079877474,4.511785556,-0.006399318,-0.006089966,11.101169,0.1285,0.001285,2.4445,0.024445,1,0,197
"54",201,"Marine Park 2",28,"High","Low",2018,7,"Summer","10--30",126.366,1.2,2.705,0.035,2.19,2.085,0.047945205,20,0.693271168,200.8004289,6.055059116,3.756023723,-0.334567827,3.421455896,9.062333784,1.983483575,1.898168915,6.551918134,0.095,0.00095,1.5275,0.015275,1,0,201
"55",205,"Marine Park 2",28,"High","Low",2018,7,"Summer","10--30",131.802,7,17.381,0.095,2.48,2.41,0.028225806,20,0.677544818,104.4783148,5.630620589,2.694303593,-0.352038181,2.342265413,20.26027971,0.744912815,0.551106722,3.328490809,0.0745,0.000745,1.89,0.0189,1,0,205
"56",210,"Marine Park 3",29,"High","High",2018,7,"Summer","10--30",81.07,3.5,5.591,0.648,1.919,1.591,0.170922355,15.3,0.363139012,237.6167703,7.319919158,30.97369614,-1.600459374,29.37323677,56.3086257,1.938139519,1.648891862,21.32631238,0.217,0.00217,4.0495,0.040495,1,1,210
"57",212,"Marine Park 3",29,"High","High",2018,7,"Summer","10--30",120.37,3,5.005,0.044,2.707,2.371,0.124122645,20,0.449514051,782.792448,4.783528039,19.69327608,-1.804592227,17.88868385,23.10662389,-0.125002977,-0.224617427,0.048972765,0.1285,0.001285,3.011,0.03011,1,1,212
"58",217,"Marine Park 3",30,"High","Low",2018,7,"Summer","10--30",43.26,NA,0,5.675,2.024,1.563,0.227766798,8.5,0.299657044,1363.478371,16.22053709,53.29170937,-1.729631613,51.56207776,102.4576603,2.767327343,2.592885635,-10.54007634,0.487,0.00487,10.088,0.10088,1,0,217
"59",219,"Marine Park 3",30,"High","Low",2018,7,"Summer","10--30",182.17,5,8.341,1.355,2.548,2.275,0.107142857,16.5,0.853062409,370.8553268,13.69480962,25.66653523,-1.96358203,23.7029532,50.97494848,7.213719633,6.945840575,-286.0730728,0.2345,0.002345,4.4625,0.044625,1,0,219
"60",221,"Marine Park 3",31,"High","Low",2018,7,"Summer","10--30",106.41,6,17.829,2.965,2.039,1.195,0.413928396,9.3,0.502400129,1873.504521,29.43089381,87.5224453,0.069005275,87.59145057,122.7774029,-1.035172541,-0.820857179,79.15943643,0.7345,0.007345,15.354,0.15354,1,0,221
"61",223,"Marine Park 3",31,"High","Low",2018,7,"Summer","10--30",89.34,NA,0,3.951,2.131,0.838,0.606757391,15.3,0.19259786,2337.021767,70.29504831,175.2211642,1.847822211,177.0689864,236.9341086,-0.125183838,-0.038897381,28.10716133,1.66,0.0166,30.8895,0.308895,1,0,223
"62",225,"Marine Park 3",32,"High","High",2018,7,"Summer","10--30",181.3,16,29.746,0.587,2.201,1.953,0.112676056,11.9,1.134243838,205.7043189,4.990392103,92.24173868,3.637508845,95.87924752,55.41135571,-4.602545942,-4.142693944,-319.1850544,0.2625,0.002625,4.443,0.04443,1,1,225
"63",227,"Marine Park 3",32,"High","High",2018,7,"Summer","10--30",123.31,NA,0,3.88,1.986,1.512,0.238670695,11.2,0.712440088,552.7363081,9.278231719,55.51633353,-1.224788367,54.29154516,111.3986049,3.367948033,3.317713862,50.87391877,0.419,0.00419,8.136,0.08136,1,1,227
"64",229,"Pelham Bay",33,"High","Low",2018,6,"Summer","10--30",124.3,1.5,3.755,0.062,3.763,3.121,0.170608557,20,0.589637106,258.0191957,3.906298052,2.21919728,-0.523938905,1.695258375,0.273708527,-0.323113308,-0.492916078,-0.770817557,0.099,0.00099,1.175,0.01175,1,0,229
"65",234,"Pelham Bay",33,"High","Low",2018,6,"Summer","10--30",113.9,1,1.464,0.109,3.692,2.834,0.232394366,20,0.507273732,463.0603541,4.553239443,1.21298295,-0.561131512,0.651851438,8.3207035,-0.221496998,-0.417519383,-2.065994149,0.214,0.00214,2.716,0.02716,1,0,234
"66",238,"Pelham Bay",34,"High","Low",2018,7,"Summer","10--30",184.3,1.5,3.822,0.053,2.029,1.715,0.154756037,10.8,1.256540237,326.1365335,4.158917772,10.00271334,3.36362557,13.36633891,32.38484723,-0.182623913,0.067828993,11.8698054,0.221,0.00221,2.2785,0.022785,1,0,238
"67",240,"Pelham Bay",34,"High","Low",2018,7,"Summer","10--30",173.76,2.5,4.826,1.66,1.773,1.473,0.169204738,12.7,0.977163184,244.433228,4.699424651,19.10456114,10.95430571,30.05886685,42.48610938,0.208323637,0.441972496,231.2955498,0.227,0.00227,2.442,0.02442,1,0,240
"68",242,"Pelham Bay",35,"High","High",2018,7,"Summer","10--30",195.61,1,2.382,0.014,2.008,1.683,0.16185259,12.4,1.154256165,NA,NA,12.32468621,2.893917011,15.21860322,NA,NA,NA,2930.69741,0.273,0.00273,2.9745,0.029745,1,1,242
"69",244,"Pelham Bay",35,"High","High",2018,7,"Summer","10--30",194.81,2.5,4.844,0.012,2.265,1.958,0.135540839,13.3,1.101654414,234.7631794,3.643139373,2.175896078,2.584283926,4.760180004,12.70437827,0.509011341,0.700829775,314.6803276,0.244,0.00244,2.394,0.02394,1,1,244
"70",246,"Pelham Bay",36,"High","High",2018,7,"Summer","10--30",192.99,17,43.555,0.031,2.011,1.637,0.185977126,12.6,0.96081118,353.5251432,5.874094674,16.86850087,3.163925099,20.03242597,33.68158719,-0.333098345,-0.090044497,12.16616406,0.249,0.00249,2.6335,0.026335,1,1,246
"71",248,"Pelham Bay",36,"High","High",2018,7,"Summer","10--30",190.55,1.2,2.614,0.168,2.075,1.676,0.192289157,11.2,1.199617073,432.8721627,7.125019144,9.897987578,3.031497314,12.92948489,22.50914455,0.181253029,0.409740705,16.97440798,0.2635,0.002635,2.7365,0.027365,1,1,248
"72",250,"Alley Pond",1,"Low","Low",2019,9,"Summer","10--30",325.018,49,88.428,0.253,3.104,2.861,0.078286082,16.5,1.568473244,126.5076151,4.83882442,-0.086460597,0.183921399,0.097460803,2.731390295,0.05527825,0.011380613,13.97339823,NA,NA,NA,NA,0,0,250
"73",252,"Alley Pond",1,"Low","Low",2019,9,"Summer","10--30",328.995,22,66.684,NA,3.121,2.913,0.066645306,16.2,1.50570314,90.90735581,2.29235545,5.666107806,6.140431624,11.80653943,14.44716164,0.056159129,0.098695776,-1.284827575,NA,NA,NA,NA,0,0,252
"74",254,"Alley Pond",2,"Low","Low",2019,9,"Summer","10--30",167.117,11,37.234,0.106,3.164,3.048,0.036662453,9.5,1.285624755,69.44251457,2.884501342,-0.54955634,0.046234407,-0.503321933,1.693870068,0.068222061,0.022643431,12.88020966,NA,NA,NA,NA,0,0,254
"75",256,"Alley Pond",2,"Low","Low",2019,9,"Summer","10--30",277.058,28.8,70.158,0.038,3.177,3.021,0.049102927,15.7,1.310524318,86.33242948,2.770656221,-0.372012092,-0.110503366,-0.482515458,1.482241639,0.089509831,0.027147134,3.815531714,NA,NA,NA,NA,0,0,256
"76",258,"Alley Pond",3,"Low","High",2019,9,"Summer","10--30",145.899,25,60.038,0.485,2.508,2.38,0.051036683,8,1.237417803,79.69944045,3.127559366,-0.533907397,-0.023478196,-0.557385592,1.590781843,0.071369772,0.020101346,6.570086178,NA,NA,NA,NA,0,1,258
"77",260,"Alley Pond",3,"Low","High",2019,9,"Summer","10--30",143.838,13.5,33.107,0.324,2.586,2.3,0.110595514,10,0.98048051,127.6049452,3.242708562,4.239541194,0.770197999,5.009739193,9.911690577,0.249064333,0.158369456,39.65675507,NA,NA,NA,NA,0,1,260
"78",262,"Alley Pond",4,"Low","High",2019,9,"Summer","10--30",299.821,28,69.314,0.071,3.012,2.889,0.040836653,17.2,1.315736205,75.78577426,2.840367394,7.517306207,0.113230627,7.630536834,1.561180674,-0.655382988,-0.78267299,4.378016551,NA,NA,NA,NA,0,1,262
"79",264,"Alley Pond",4,"Low","High",2019,9,"Summer","10--30",212.118,17,38.058,0.357,2.385,1.946,0.184067086,13.3,1.057292236,71.97611432,2.214699681,0.543516493,0.287455224,0.830971717,6.393425563,0.13171568,0.053985163,2.876274761,NA,NA,NA,NA,0,1,264
"80",266,"Canarsie",5,"Low","High",2019,10,"Fall","10--30",155.331,9,35.651,0.048,3.5,3.196,0.086857143,8.2,1.295244611,241.3138856,3.793670604,0.935137946,0.108223166,1.043361112,10.54745506,0.044297191,0.0054746,1.13285228,NA,NA,NA,NA,0,1,266
"81",268,"Canarsie",5,"Low","High",2019,10,"Fall","10--30",241.365,0.7,14.145,2.376,3.469,3.185,0.095105452,11.3,1.626834078,151.1070106,2.822493931,-0.400711746,-0.033457,-0.434168746,4.241129886,0.018834,-0.010331019,0.87583112,NA,NA,NA,NA,0,1,268
"82",270,"Canarsie",6,"Low","High",2019,10,"Fall","10--30",257.241,20,51.462,0.009,3.378,3.048,0.097690941,13.5,1.387401528,271.0625528,3.69933123,1.50760553,0.284053675,1.791659205,12.68210592,0.089394706,0.043542205,4.369036425,NA,NA,NA,NA,0,1,270
"83",272,"Canarsie",6,"Low","High",2019,10,"Fall","10--30",124.295,21,61.571,0.066,2.476,2.22,0.103392569,7.5,0.507814442,230.9324753,2.373582341,3.245228375,0.544093098,3.789321473,15.81062491,-0.0071535,-0.009632651,6.760997481,NA,NA,NA,NA,0,1,272
"84",274,"Canarsie",7,"Low","Low",2019,10,"Fall","10--30",123.446,14,23.155,0.002,2.513,2.274,0.095105452,6,1.66941836,248.6111492,3.461741047,0.903352667,0.508261585,1.411614252,10.71076708,-0.020599798,-0.016149489,NA,NA,NA,NA,NA,0,0,274
"85",276,"Canarsie",7,"Low","Low",2019,10,"Fall","10--30",197.394,5.7,1.079,0.129,3.559,3.271,0.080921607,10.3,1.616119318,NA,3.466576945,-0.334502269,0.11383279,-0.220669479,5.875477479,0.020622358,0.004394827,NA,NA,NA,NA,NA,0,0,276
"86",278,"Canarsie",8,"Low","Low",2019,10,"Fall","10--30",137.806,25,70.103,NA,2.436,2.227,0.085796388,8,0.935509229,220.0490505,3.163943044,1.158197939,0.262123829,1.420321768,8.374637048,0.059836449,0.025925242,-0.952676173,NA,NA,NA,NA,0,0,278
"87",280,"Canarsie",8,"Low","Low",2019,10,"Fall","10--30",233.982,21,48.355,NA,3.175,2.888,0.090393701,12.7,1.364774205,229.7841829,3.839521679,-0.039009154,-0.073723345,-0.112732499,3.906333734,0.017549482,-0.008101395,NA,NA,NA,NA,NA,0,0,280
"88",282,"Clearview",9,"Low","Low",2019,10,"Fall","10--30",139.247,10.5,21.405,0.672,3.086,3.019,0.021710953,8,1.421259181,70.58363688,2.893929112,-0.534164292,1.307077258,0.772912966,0.342691373,-0.050368876,0.028368315,-0.279809211,NA,NA,NA,NA,0,0,282
"89",284,"Clearview",9,"Low","Low",2019,10,"Fall","10--30",302.14,8.5,20.708,0.226,5.101,4.924,0.034699079,15.5,1.614662471,70.60590581,2.894842138,-0.237492016,2.521573236,2.28408122,3.387448434,-0.026836905,0.019010217,-3.861360772,NA,NA,NA,NA,0,0,284
"90",286,"Clearview",10,"Low","High",2019,10,"Fall","10--30",310.88,10.5,26.946,2.982,4.993,4.898,0.019026637,17.8,1.436696292,77.00188528,3.157077296,-0.268333553,0.000380741,-0.267952812,0.22942289,0.057055759,0.036653752,-3.350018301,NA,NA,NA,NA,0,1,286
"91",288,"Clearview",10,"Low","High",2019,10,"Fall","10--30",258.115,3.5,8.946,0.725,3.991,3.898,0.02330243,16.1,1.349117743,64.5713498,2.647425342,-0.453796147,0.021360663,-0.432435484,0.394004518,0.065870795,0.036412261,-2.518830145,NA,NA,NA,NA,0,1,288
"92",290,"Clearview",11,"Low","High",2019,10,"Fall","10--30",198.462,20.5,51.382,0.068,3.188,3.129,0.018506901,12,1.241410998,77.46847874,3.176207628,-0.118565635,0.850390249,0.731824615,1.252966438,0.008303802,0.022738772,-2.73011321,NA,NA,NA,NA,0,1,290
"93",292,"Clearview",11,"Low","High",2019,10,"Fall","10--30",276.796,12.5,31.25,0.259,4.496,4.389,0.023798932,17.1,1.316691712,63.36356812,2.597906293,-0.414835401,-0.057185994,-0.472021394,0.279433223,0.03163173,0.013019856,-0.298916993,NA,NA,NA,NA,0,1,292
"94",294,"Clearview",12,"Low","Low",2019,10,"Fall","10--30",157.104,4.1,10.448,0.194,6.187,5.979,0.033618878,15.5,0.821822628,64.94152155,2.662602383,0.00305286,0.079109026,0.082161885,1.183830138,0.09638733,0.018970334,0.7029993,NA,NA,NA,NA,0,0,294
"95",296,"Clearview",12,"Low","Low",2019,10,"Fall","10--30",205.833,11,27.045,0.758,4.062,3.963,0.02437223,3.5,6.034503139,63.11084194,2.58754452,-0.175070385,0.354264926,0.179194541,1.123929451,0.03776712,0.012722481,-0.762724954,NA,NA,NA,NA,0,0,296
"96",298,"Conference House",13,"High","Low",2019,10,"Fall","10--30",227.34,4.7,12.834,0.254,3.878,3.538,0.177287828,11,1.325042284,265.0386058,4.067069896,2.032173692,0.092327982,2.124501674,7.83751678,0.293161035,0.116609671,0.855950461,NA,NA,NA,NA,1,0,298
"97",300,"Conference House",13,"High","Low",2019,10,"Fall","10--30",234.31,4,8.278,0.162,2.505,2.147,0.213760118,12.2,1.255609929,420.0707235,7.696652166,4.668257181,0.166271609,4.83452879,25.50795498,0.429436907,0.345114796,35.42226709,NA,NA,NA,NA,1,0,300
"98",302,"Conference House",14,"High","High",2019,10,"Fall","10--30",309.536,1.5,3.058,0.234,3.359,2.884,0.153219234,15.9,1.362007478,226.0286538,4.942794,0.77878678,0.381858465,1.160645245,12.01113519,0.269117858,0.056950962,3.042172954,NA,NA,NA,NA,1,1,302
"99",304,"Conference House",14,"High","High",2019,10,"Fall","10--30",273.541,8.8,21.596,NA,3.746,3.346,0.15647482,13.5,1.332263647,200.9940113,5.94730527,0.086375538,0.135214314,0.221589852,4.045870656,0.134154601,0.066885598,3.109899216,NA,NA,NA,NA,1,1,304
"100",306,"Clove Lakes 2",15,"High","High",2019,10,"Fall","10--30",195.742,5,11.078,0.029,3.311,2.724,0.202184087,10.5,1.22369137,254.7204861,7.837318449,5.763327753,0.318280504,6.081608257,14.04126053,0.352604062,0.330126607,22.61926866,NA,NA,NA,NA,1,1,306
"101",308,"Clove Lakes 2",15,"High","High",2019,10,"Fall","10--30",199.429,NA,NA,NA,2.718,2.137,0.198211624,11,1.318035916,288.8796235,7.442941303,5.376640392,0.385899558,5.76253995,18.39313844,0.031135553,0.035243628,4.141504321,NA,NA,NA,NA,1,1,308
"102",310,"Clove Lakes 2",16,"High","Low",2019,10,"Fall","10--30",248.125,12.5,29.184,0.149,3.681,3.117,0.184827946,13.1,1.168904626,292.9248172,3.067834577,2.137881528,0.034419139,2.172300667,7.218809807,0.31271286,0.059705439,5.874611571,NA,NA,NA,NA,1,0,310
"103",312,"Clove Lakes 2",16,"High","Low",2019,10,"Fall","10--30",251.121,15,31.735,0.111,2.78,2.345,0.166564417,13.5,1.255488041,238.3346566,4.712568971,0.046384882,0.070539043,0.116923925,6.702608263,0.199029343,0.039587853,4.906793302,NA,NA,NA,NA,1,0,312
"104",314,"Clove Lakes 4",17,"High","High",2019,10,"Fall","10--30",182.543,7,16.753,NA,3.205,2.557,0.087674059,10.1,1.620302475,193.904535,4.091452283,4.217714677,0.04032704,4.258041717,11.09275232,0.186314918,0.065670611,11.86812318,NA,NA,NA,NA,1,1,314
"105",316,"Clove Lakes 4",17,"High","High",2019,10,"Fall","10--30",218.898,2,5.559,0.156,3.355,2.69,0.142914172,11.6,1.433886283,275.7202228,5.709198381,1.817954436,0.161002295,1.978956731,17.17963874,0.295862678,0.235391692,4.223837837,NA,NA,NA,NA,1,1,316
"106",318,"Clove Lakes 4",18,"High","Low",2019,10,"Fall","10--30",236.459,5,13.268,0.485,3.836,3.127,0.141411134,14.2,1.463425915,314.4684343,6.680897052,4.543743605,0.188473124,4.732216729,16.1381215,0.306195437,0.253105107,6.336002036,NA,NA,NA,NA,1,0,318
"107",320,"Clove Lakes 4",18,"High","Low",2019,10,"Fall","10--30",242.241,3,7.175,0.17,3.26,2.717,0.106780566,14,1.551647177,176.9639215,5.625010647,1.727340987,0.205117624,1.932458611,6.517565908,0.179599606,0.042979394,11.59613027,NA,NA,NA,NA,1,0,320
"108",322,"Fort Totten",19,"High","High",2019,10,"Fall","10--30",225.984,13,33.426,0.01,4.082,3.804,0.068103871,13.5,1.274988734,260.9412712,3.986712182,4.297246328,0.193649423,4.490895751,19.81662355,0.280357527,0.162017627,38.60125791,NA,NA,NA,NA,1,1,322
"109",324,"Fort Totten",19,"High","High",2019,10,"Fall","10--30",212.725,10.5,24.915,0.14,3.727,3.417,0.083176818,2.3,11.02326906,257.034313,5.077282051,3.43581242,0.115198377,3.551010796,18.66880332,0.238376022,0.183537805,8.46802789,NA,NA,NA,NA,1,1,324
"110",326,"Fort Totten",20,"High","Low",2019,10,"Fall","10--30",397.055,9,28.618,1.982,5.056,4.594,0.091376582,20,1.524566719,236.9633673,5.895686872,3.354767335,0.015310017,3.370077352,12.37165317,0.339745415,0.094173392,15.65014538,NA,NA,NA,NA,1,0,326
"111",328,"Fort Totten",20,"High","Low",2019,10,"Fall","10--30",351.43,17.5,42.579,0.175,5.284,4.98,0.057532173,17.3,1.619572709,128.2920455,4.059553888,1.209060464,-0.099945914,1.109114551,5.618551871,0.120431269,-0.005034416,NA,NA,NA,NA,NA,1,0,328
"112",330,"Marine Park 1",21,"High","High",2019,10,"Fall","10--30",210.676,9,12.345,0.419,3.553,3.168,0.108359133,13,1.268385578,167.7412521,2.854460096,4.278109102,0.123844978,4.401954079,11.78017624,0.045240279,-0.000204087,30.11246821,NA,NA,NA,NA,1,1,330
"113",332,"Marine Park 1",21,"High","High",2019,10,"Fall","10--30",169.157,2,4.891,0.038,3.802,3.495,0.080746975,11.3,1.191014226,124.1607988,4.145850625,3.416951113,0.156835747,3.573786861,9.100378423,0.210838882,0.124321489,-8.011540597,NA,NA,NA,NA,1,1,332
"114",334,"Marine Park 1",22,"High","High",2019,10,"Fall","10--30",261.489,8,11.86,0.145,5.008,4.524,0.096645367,15.8,1.310052609,167.9122583,3.622446497,2.54903714,0.953393124,3.502430263,7.846368626,0.095202586,0.057620281,273.3493288,NA,NA,NA,NA,1,1,334
"115",336,"Marine Park 1",22,"High","High",2019,10,"Fall","10--30",130.611,23,36.428,0.028,2.854,2.558,0.103714085,13,0.667611108,218.8220226,3.262926759,1.90208206,0.327947203,2.230029263,5.429217824,0.09374322,0.067685359,0.49621991,NA,NA,NA,NA,1,1,336
"116",338,"Marine Park 1",23,"High","Low",2019,10,"Fall","10--30",128.851,1.5,0.316,0.03,4.772,4.359,0.086546521,8.4,1.247177886,168.6735473,3.665953711,1.200354731,0.496496107,1.696850838,6.57521566,-0.043011796,-0.059867005,55.36335872,NA,NA,NA,NA,1,0,338
"117",340,"Marine Park 1",23,"High","Low",2019,10,"Fall","10--30",215.339,9,8.182,0.279,3.151,2.854,0.094255792,17.7,0.974945095,189.7162501,2.813612246,0.843019682,0.534219296,1.377238977,5.85069695,0.056792697,-0.021107229,122.2970382,NA,NA,NA,NA,1,0,340
"118",342,"Marine Park 1",24,"High","Low",2019,10,"Fall","10--30",246.768,9.7,6.723,1.47,4.792,4.274,0.108096828,13.3,1.506391165,162.193864,2.544859678,0.777139407,3.580678998,4.357818404,9.017876149,0.209104629,0.003291772,214.254702,NA,NA,NA,NA,1,0,342
"119",344,"Marine Park 1",24,"High","Low",2019,10,"Fall","10--30",150.067,5,12.433,0.032,3.519,3.097,0.119920432,8.5,1.318480705,227.5304889,2.734259629,-0.004547577,2.854933415,2.850385838,7.939182958,0.093970362,-0.014389492,-8.141302149,NA,NA,NA,NA,1,0,344
"120",346,"Marine Park 2",25,"High","High",2019,10,"Fall","10--30",219.535,4,9.305,0.292,2.946,2.777,0.05736592,14.5,1.228171771,110.048196,2.635207137,2.978245384,-0.062920292,2.915325092,6.567956121,0.071283555,-9.79e-06,3.143790927,NA,NA,NA,NA,1,1,346
"121",348,"Marine Park 2",25,"High","High",2019,10,"Fall","10--30",171.981,8,14.319,0.356,2.998,2.729,0.089726484,12.8,1.039443966,298.6565919,3.829246156,12.11397266,0.139465023,12.25343768,30.08743953,0.195133823,-0.000316212,60.18447022,NA,NA,NA,NA,1,1,348
"122",350,"Marine Park 2",26,"High","High",2019,10,"Fall","10--30",155.104,1,2.207,0.794,2.976,2.619,0.119959677,11.4,1.042461058,438.9662385,7.882484516,14.59660791,16.86523427,31.46184218,68.75982322,-0.249601184,-0.000141702,32.63960587,NA,NA,NA,NA,1,1,350
"123",352,"Marine Park 2",26,"High","High",2019,10,"Fall","10--30",151.761,3,6.612,0.426,2.76,2.475,0.10326087,10.3,1.13971073,340.7916475,5.092238908,4.571140539,0.274364296,4.845504835,32.01030691,0.027196951,-7.43e-05,8.086290708,NA,NA,NA,NA,1,1,352
"124",354,"Marine Park 2",27,"High","Low",2019,10,"Fall","10--30",228.918,1,2.032,0.157,3.188,3.049,0.043601004,13.3,1.441247516,143.0770281,2.367859457,1.534139891,-0.10875287,1.42538702,11.24718698,0.061589278,8.1e-05,4.005002048,NA,NA,NA,NA,1,0,354
"125",356,"Marine Park 2",27,"High","Low",2019,10,"Fall","10--30",160.534,1.8,3.877,0.587,2.508,2.056,0.180223285,9.3,1.246095115,398.5698526,10.950431,15.87757399,0.391330912,16.2689049,65.02884135,0.069319318,0.000860828,92.65189795,NA,NA,NA,NA,1,0,356
"126",358,"Marine Park 2",28,"High","Low",2019,10,"Fall","10--30",192.82,6.8,15.375,0.475,2.494,2.296,0.079390537,12.3,1.226253252,91.6966923,5.410191322,5.975661867,-0.081657016,5.894004852,19.77839756,0.158949731,-0.000566,8.79,NA,NA,NA,NA,1,0,358
"127",360,"Marine Park 2",28,"High","Low",2019,10,"Fall","10--30",171.369,4.8,8.209,0.099,3.218,2.975,0.075512741,11,1.251574662,384.6052831,4.635416794,3.215772753,-0.032029611,3.183743142,21.21780976,0.211472547,1.05e-05,9.671713275,NA,NA,NA,NA,1,0,360
"128",362,"Marine Park 3",29,"High","High",2019,10,"Fall","10--30",127.076,0.03,0.572,0.084,2.572,2.219,0.137247278,11.5,0.836957963,431.9933779,10.86559262,58.98190757,22.23682979,81.21873735,119.806955,2.174290232,3.238101783,45.568917,NA,NA,NA,NA,1,1,362
"129",364,"Marine Park 3",29,"High","High",2019,10,"Fall","10--30",61.432,NA,NA,0.028,2.219,1.407,0.365930599,6.8,0.511958217,2422.577408,40.47055207,187.9295326,199.2543327,387.1838653,390.1823338,-17.48840084,-5.028347386,167.5936341,NA,NA,NA,NA,1,1,364
"130",366,"Marine Park 3",30,"High","Low",2019,10,"Fall","10--30",142.725,9,16.286,0.707,2.711,2.326,0.142014017,12.9,0.799710605,457.2205141,9.583774254,54.57946882,6.90206174,61.48153057,80.65795082,0.924274406,0.951869591,43.56583794,NA,NA,NA,NA,1,0,366
"131",368,"Marine Park 3",30,"High","Low",2019,10,"Fall","10--30",188.845,9,20.71,0.051,2.403,2.213,0.079067832,12.4,1.174693333,187.5418377,3.823644187,21.89753514,0.44077257,22.33830771,31.33401196,0.400001973,0.279560614,5.045048248,NA,NA,NA,NA,1,0,368
"132",370,"Marine Park 3",31,"High","Low",2019,10,"Fall","10--30",104.183,0.1,0.131,0.149,2.686,1.907,0.290022338,11.1,0.602322775,935.0480727,13.63233811,122.034338,1.447997409,123.4823354,172.6847409,2.490571553,2.373646735,91.02152422,NA,NA,NA,NA,1,0,370
"133",372,"Marine Park 3",31,"High","Low",2019,10,"Fall","10--30",29.757,NA,NA,NA,1.111,0.864,0.222322232,5.4,0.377188508,1474.964334,43.55509728,65.3114525,6.320603106,71.63205561,298.5627621,3.047611598,2.662119655,189.0560284,NA,NA,NA,NA,1,0,372
"134",374,"Marine Park 3",32,"High","High",2019,10,"Fall","10--30",142.599,0.4,1.312,0.121,3.411,3.056,0.104075051,11.8,0.958331954,374.1372938,6.205211389,23.93797781,6.495357442,30.43333526,132.4420362,1.330239899,0.886125089,23.50873857,NA,NA,NA,NA,1,1,374
"135",376,"Marine Park 3",32,"High","High",2019,10,"Fall","10--30",192.582,4,9.129,NA,3.988,3.456,0.133400201,13.8,1.041148851,404.2056372,5.638174878,32.42153568,0.890086139,33.31162182,54.16309078,0.486791656,0.211920915,89.79191106,NA,NA,NA,NA,1,1,376
"136",378,"Pelham Bay",33,"High","Low",2019,10,"Fall","10--30",158.713,0.1,0.466,0.139,3.174,2.762,0.129804663,10,1.20856615,251.2439788,2.440550447,6.397660606,0.314966287,6.712626893,12.56728184,0.954944431,0.302068653,17.4326879,NA,NA,NA,NA,1,0,378
"137",380,"Pelham Bay",33,"High","Low",2019,10,"Fall","10--30",213.841,0.9,1.495,0.607,2.971,2.603,0.123864019,17,0.968138596,329.8407148,4.364274663,8.747249708,4.380754731,13.12800444,36.3708326,0.756061987,0.39517595,16.72959572,NA,NA,NA,NA,1,0,380
"138",382,"Pelham Bay",34,"High","Low",2019,10,"Fall","10--30",105.171,6,1.337,0.145,2.755,2.634,0.043920145,9,1.02883796,301.1163023,4.332449635,4.246324747,0.412505824,4.658830571,22.57201872,0.791632303,0.772345959,22.47362593,NA,NA,NA,NA,1,0,382
"139",384,"Pelham Bay",34,"High","Low",2019,10,"Fall","10--30",70.138,NA,NA,NA,1.777,1.696,0.045582442,5,1.174903467,283.2030093,4.176067555,4.776762741,0.598037917,5.374800658,19.52021219,0.313659063,0.250945809,4.476935554,NA,NA,NA,NA,1,0,384
"140",386,"Pelham Bay",35,"High","High",2019,10,"Fall","10--30",155.114,5,5.451,0.154,2.647,2.327,0.120891575,7,1.762662275,249.240243,4.106676592,5.702386015,0.144206244,5.846592258,17.51811289,0.404651715,0.368117914,0.796057499,NA,NA,NA,NA,1,1,386
"141",388,"Pelham Bay",35,"High","High",2019,10,"Fall","10--30",150.581,0.8,1.421,0.049,2.743,2.433,0.113014947,9.5,1.231993733,205.8153824,4.569559344,8.653156544,0.292302019,8.945458563,14.42669255,0.26993613,0.213279108,9.756368396,NA,NA,NA,NA,1,1,388
"142",390,"Pelham Bay",36,"High","High",2019,10,"Fall","10--30",149.763,5,6.485,NA,3.074,2.57,0.163955758,12.6,0.864394802,263.8125529,4.145946708,4.072776474,0.136526759,4.209303233,11.21065074,0.522048194,0.285033794,12.64423569,NA,NA,NA,NA,1,1,390
"143",392,"Pelham Bay",36,"High","High",2019,10,"Fall","10--30",164.68,10,20.769,0.049,3.138,2.62,0.165073295,10.6,1.084274116,364.3043427,4.624409908,10.58072569,0.761660365,11.34238606,30.7848432,0.603334086,0.588356274,6.489363939,NA,NA,NA,NA,1,1,392
